Using pre-set license
Built from '6000.0/release' branch; Version is '6000.0.43f1 (97272b72f107) revision 9905963'; Using compiler version '193933523'; Build Type 'Release'
OS: 'Windows 11  (10.0.26100) 64bit Core' Language: 'pt' Physical Memory: 32509 MB
BatchMode: 1, IsHumanControllingUs: 0, StartBugReporterOnCrash: 0, Is64bit: 1, IsPro: 1

COMMAND LINE ARGUMENTS:
C:\Program Files\Unity\Hub\Editor\6000.0.43f1\Editor\Unity.exe
-adb2
-batchMode
-noUpm
-name
AssetImportWorker6
-projectPath
C:/ProjetosUnity/UnespGO/UnespGO
-logFile
Logs/AssetImportWorker6.log
-srvPort
49746
-job-worker-count
7
-background-job-worker-count
8
-gc-helper-count
1
Successfully changed project path to: C:/ProjetosUnity/UnespGO/UnespGO
C:/ProjetosUnity/UnespGO/UnespGO
[UnityMemory] Configuration Parameters - Can be set up in boot.config
    "memorysetup-bucket-allocator-granularity=16"
    "memorysetup-bucket-allocator-bucket-count=8"
    "memorysetup-bucket-allocator-block-size=33554432"
    "memorysetup-bucket-allocator-block-count=8"
    "memorysetup-main-allocator-block-size=16777216"
    "memorysetup-thread-allocator-block-size=16777216"
    "memorysetup-gfx-main-allocator-block-size=16777216"
    "memorysetup-gfx-thread-allocator-block-size=16777216"
    "memorysetup-cache-allocator-block-size=4194304"
    "memorysetup-typetree-allocator-block-size=2097152"
    "memorysetup-profiler-bucket-allocator-granularity=16"
    "memorysetup-profiler-bucket-allocator-bucket-count=8"
    "memorysetup-profiler-bucket-allocator-block-size=33554432"
    "memorysetup-profiler-bucket-allocator-block-count=8"
    "memorysetup-profiler-allocator-block-size=16777216"
    "memorysetup-profiler-editor-allocator-block-size=1048576"
    "memorysetup-temp-allocator-size-main=16777216"
    "memorysetup-job-temp-allocator-block-size=2097152"
    "memorysetup-job-temp-allocator-block-size-background=1048576"
    "memorysetup-job-temp-allocator-reduction-small-platforms=262144"
    "memorysetup-allocator-temp-initial-block-size-main=262144"
    "memorysetup-allocator-temp-initial-block-size-worker=262144"
    "memorysetup-temp-allocator-size-background-worker=32768"
    "memorysetup-temp-allocator-size-job-worker=262144"
    "memorysetup-temp-allocator-size-preload-manager=33554432"
    "memorysetup-temp-allocator-size-nav-mesh-worker=65536"
    "memorysetup-temp-allocator-size-audio-worker=65536"
    "memorysetup-temp-allocator-size-cloud-worker=32768"
    "memorysetup-temp-allocator-size-gi-baking-worker=262144"
    "memorysetup-temp-allocator-size-gi-baking-worker=262144"
    "memorysetup-temp-allocator-size-gi-baking-worker=262144"
    "memorysetup-temp-allocator-size-gi-baking-worker=262144"
    "memorysetup-temp-allocator-size-gi-baking-worker=262144"
    "memorysetup-temp-allocator-size-gfx=262144"
Player connection [20752]  Target information:

Player connection [20752]  * "[IP] 192.168.15.3 [Port] 0 [Flags] 2 [Guid] 653822381 [EditorId] 653822381 [Version] 1048832 [Id] WindowsEditor(7,LucasET) [Debug] 1 [PackageName] WindowsEditor [ProjectName] Editor" 

Player connection [20752]  * "[IP] 26.184.112.114 [Port] 0 [Flags] 2 [Guid] 653822381 [EditorId] 653822381 [Version] 1048832 [Id] WindowsEditor(7,LucasET) [Debug] 1 [PackageName] WindowsEditor [ProjectName] Editor" 

Player connection [20752] Host joined multi-casting on [225.0.0.222:54997]...
Player connection [20752] Host joined alternative multi-casting on [225.0.0.222:34997]...
JobSystem: Creating JobQueue using job-worker-count value 7
Input System module state changed to: Initialized.
[Physics::Module] Initialized fallback backend.
[Physics::Module] Id: 0xdecafbad
Library Redirect Path: Library/
[Physics::Module] Selected backend.
[Physics::Module] Name: PhysX
[Physics::Module] Id: 0xf2b8ea05
[Physics::Module] SDK Version: 4.1.2
[Physics::Module] Integration Version: 1.0.0
[Physics::Module] Threading Mode: Multi-Threaded
Refreshing native plugins compatible for Editor in 6.78 ms, found 4 plugins.
Preloading 0 native plugins for Editor in 0.00 ms.
Initialize engine version: 6000.0.43f1 (97272b72f107)
[Subsystems] Discovering subsystems at path C:/Program Files/Unity/Hub/Editor/6000.0.43f1/Editor/Data/Resources/UnitySubsystems
[Subsystems] Discovering subsystems at path C:/ProjetosUnity/UnespGO/UnespGO/Assets
GfxDevice: creating device client; kGfxThreadingModeNonThreaded
Direct3D:
    Version:  Direct3D 11.0 [level 11.1]
    Renderer: NVIDIA GeForce RTX 3060 Ti (ID=0x2489)
    Vendor:   NVIDIA
    VRAM:     8024 MB
    Driver:   32.0.15.7652
Initialize mono
Mono path[0] = 'C:/Program Files/Unity/Hub/Editor/6000.0.43f1/Editor/Data/Managed'
Mono path[1] = 'C:/Program Files/Unity/Hub/Editor/6000.0.43f1/Editor/Data/MonoBleedingEdge/lib/mono/unityjit-win32'
Mono config path = 'C:/Program Files/Unity/Hub/Editor/6000.0.43f1/Editor/Data/MonoBleedingEdge/etc'
Using monoOptions --debugger-agent=transport=dt_socket,embedding=1,server=y,suspend=n,address=127.0.0.1:56056
Begin MonoManager ReloadAssembly
Registering precompiled unity dll's ...
Register platform support module: C:/Program Files/Unity/Hub/Editor/6000.0.43f1/Editor/Data/PlaybackEngines/WindowsStandaloneSupport/UnityEditor.WindowsStandalone.Extensions.dll
Register platform support module: C:/Program Files/Unity/Hub/Editor/6000.0.43f1/Editor/Data/PlaybackEngines/AndroidPlayer/UnityEditor.Android.Extensions.dll
Register platform support module: C:/Program Files/Unity/Hub/Editor/6000.0.43f1/Editor/Data/PlaybackEngines/iOSSupport/UnityEditor.iOS.Extensions.dll
Registered in 0.004008 seconds.
- Loaded All Assemblies, in  0.314 seconds
[usbmuxd] Start listen thread
[usbmuxd] Listen thread started
Native extension for iOS target not found
Native extension for Android target not found
Android Extension - Scanning For ADB Devices 262 ms
Native extension for WindowsStandalone target not found
Mono: successfully reloaded assembly
- Finished resetting the current domain, in  0.603 seconds
Domain Reload Profiling: 915ms
	BeginReloadAssembly (106ms)
		ExecutionOrderSort (0ms)
		DisableScriptedObjects (0ms)
		BackupInstance (0ms)
		ReleaseScriptingObjects (0ms)
		CreateAndSetChildDomain (1ms)
	RebuildCommonClasses (32ms)
	RebuildNativeTypeToScriptingClass (9ms)
	initialDomainReloadingComplete (39ms)
	LoadAllAssembliesAndSetupDomain (126ms)
		LoadAssemblies (104ms)
		RebuildTransferFunctionScriptingTraits (0ms)
		AnalyzeDomain (123ms)
			TypeCache.Refresh (122ms)
				TypeCache.ScanAssembly (111ms)
			BuildScriptInfoCaches (0ms)
			ResolveRequiredComponents (0ms)
	FinalizeReload (603ms)
		ReleaseScriptCaches (0ms)
		RebuildScriptCaches (0ms)
		SetupLoadedEditorAssemblies (572ms)
			LogAssemblyErrors (0ms)
			InitializePlatformSupportModulesInManaged (339ms)
			SetLoadedEditorAssemblies (4ms)
			BeforeProcessingInitializeOnLoad (48ms)
			ProcessInitializeOnLoadAttributes (121ms)
			ProcessInitializeOnLoadMethodAttributes (60ms)
			AfterProcessingInitializeOnLoad (0ms)
			EditorAssembliesLoaded (0ms)
		ExecutionOrderSort2 (0ms)
		AwakeInstancesAfterBackupRestoration (0ms)
Assembly reference Packages/com.unity.cinemachine/Editor/Samples/ExposeHDRPInternals/HDRP-Editor-ref.asmref has no target assembly definition
========================================================================
Worker process is ready to serve import requests
Import Worker Mode flag is 0x00
Assembly reference Packages/com.unity.cinemachine/Editor/Samples/ExposeHDRPInternals/HDRP-Editor-ref.asmref has no target assembly definition
Assembly reference Packages/com.unity.cinemachine/Editor/Samples/ExposeHDRPInternals/HDRP-Editor-ref.asmref has no target assembly definition
Begin MonoManager ReloadAssembly
Symbol file LoadedFromMemory is not a mono symbol file
Symbol file LoadedFromMemory is not a mono symbol file
Symbol file LoadedFromMemory is not a mono symbol file
- Loaded All Assemblies, in  0.658 seconds
Assembly reference Packages/com.unity.cinemachine/Editor/Samples/ExposeHDRPInternals/HDRP-Editor-ref.asmref has no target assembly definition
'Packages/com.unity.cinemachine/Editor/Obsolete/CinemachineVirtualCameraBaseEditor.cs' contains partial class of Unity.Object, exactly 1 of the partial classes needs to be in a file with the same filename. This is to know the one that can be referenced from ie. GameObjects
'Packages/com.unity.cinemachine/Editor/Editors/CinemachineVirtualCameraBaseEditor.cs' contains partial class of Unity.Object, exactly 1 of the partial classes needs to be in a file with the same filename. This is to know the one that can be referenced from ie. GameObjects
Refreshing native plugins compatible for Editor in 3.88 ms, found 4 plugins.
Native extension for iOS target not found
Native extension for Android target not found
Native extension for WindowsStandalone target not found
Assembly reference Packages/com.unity.cinemachine/Editor/Samples/ExposeHDRPInternals/HDRP-Editor-ref.asmref has no target assembly definition
Package Manager log level set to [2]
[Package Manager] Failed to launch server process. Reason: Unity was launched with the -noUpm command-line argument
[Package Manager] Unable to send message (not connected to server process).
[Package Manager] Cannot connect to Unity Package Manager local server
Refreshing native plugins compatible for Editor in 3.79 ms, found 4 plugins.
Mono: successfully reloaded assembly
- Finished resetting the current domain, in  0.514 seconds
Domain Reload Profiling: 1168ms
	BeginReloadAssembly (139ms)
		ExecutionOrderSort (0ms)
		DisableScriptedObjects (4ms)
		BackupInstance (0ms)
		ReleaseScriptingObjects (0ms)
		CreateAndSetChildDomain (27ms)
	RebuildCommonClasses (28ms)
	RebuildNativeTypeToScriptingClass (9ms)
	initialDomainReloadingComplete (34ms)
	LoadAllAssembliesAndSetupDomain (444ms)
		LoadAssemblies (332ms)
		RebuildTransferFunctionScriptingTraits (0ms)
		AnalyzeDomain (194ms)
			TypeCache.Refresh (159ms)
				TypeCache.ScanAssembly (143ms)
			BuildScriptInfoCaches (28ms)
			ResolveRequiredComponents (5ms)
	FinalizeReload (514ms)
		ReleaseScriptCaches (0ms)
		RebuildScriptCaches (0ms)
		SetupLoadedEditorAssemblies (420ms)
			LogAssemblyErrors (0ms)
			InitializePlatformSupportModulesInManaged (15ms)
			SetLoadedEditorAssemblies (2ms)
			BeforeProcessingInitializeOnLoad (83ms)
			ProcessInitializeOnLoadAttributes (294ms)
			ProcessInitializeOnLoadMethodAttributes (20ms)
			AfterProcessingInitializeOnLoad (4ms)
			EditorAssembliesLoaded (0ms)
		ExecutionOrderSort2 (0ms)
		AwakeInstancesAfterBackupRestoration (6ms)
Launched and connected shader compiler UnityShaderCompiler.exe after 0.02 seconds
Refreshing native plugins compatible for Editor in 5.94 ms, found 4 plugins.
Preloading 0 native plugins for Editor in 0.00 ms.
Unloading 31 Unused Serialized files (Serialized files now loaded: 0)
Unloading 4861 unused Assets / (1.8 MB). Loaded Objects now: 5330.
Memory consumption went from 99.2 MB to 97.4 MB.
Total: 8.251200 ms (FindLiveObjects: 0.575300 ms CreateObjectMapping: 0.570500 ms MarkObjects: 5.230700 ms  DeleteObjects: 1.872600 ms)

========================================================================
Received Prepare
Assembly reference Packages/com.unity.cinemachine/Editor/Samples/ExposeHDRPInternals/HDRP-Editor-ref.asmref has no target assembly definition
Assembly reference Packages/com.unity.cinemachine/Editor/Samples/ExposeHDRPInternals/HDRP-Editor-ref.asmref has no target assembly definition
Begin MonoManager ReloadAssembly
Symbol file LoadedFromMemory is not a mono symbol file
Symbol file LoadedFromMemory is not a mono symbol file
Symbol file LoadedFromMemory is not a mono symbol file
- Loaded All Assemblies, in  0.694 seconds
Assembly reference Packages/com.unity.cinemachine/Editor/Samples/ExposeHDRPInternals/HDRP-Editor-ref.asmref has no target assembly definition
'Packages/com.unity.cinemachine/Editor/Obsolete/CinemachineVirtualCameraBaseEditor.cs' contains partial class of Unity.Object, exactly 1 of the partial classes needs to be in a file with the same filename. This is to know the one that can be referenced from ie. GameObjects
'Packages/com.unity.cinemachine/Editor/Editors/CinemachineVirtualCameraBaseEditor.cs' contains partial class of Unity.Object, exactly 1 of the partial classes needs to be in a file with the same filename. This is to know the one that can be referenced from ie. GameObjects
Refreshing native plugins compatible for Editor in 3.31 ms, found 4 plugins.
Native extension for iOS target not found
Native extension for Android target not found
Native extension for WindowsStandalone target not found
Assembly reference Packages/com.unity.cinemachine/Editor/Samples/ExposeHDRPInternals/HDRP-Editor-ref.asmref has no target assembly definition
[Package Manager] Failed to launch server process. Reason: Unity was launched with the -noUpm command-line argument
[Package Manager] Unable to send message (not connected to server process).
[Package Manager] Cannot connect to Unity Package Manager local server
Mono: successfully reloaded assembly
- Finished resetting the current domain, in  0.426 seconds
Domain Reload Profiling: 1118ms
	BeginReloadAssembly (230ms)
		ExecutionOrderSort (0ms)
		DisableScriptedObjects (3ms)
		BackupInstance (0ms)
		ReleaseScriptingObjects (0ms)
		CreateAndSetChildDomain (41ms)
	RebuildCommonClasses (70ms)
	RebuildNativeTypeToScriptingClass (28ms)
	initialDomainReloadingComplete (25ms)
	LoadAllAssembliesAndSetupDomain (339ms)
		LoadAssemblies (357ms)
		RebuildTransferFunctionScriptingTraits (0ms)
		AnalyzeDomain (135ms)
			TypeCache.Refresh (6ms)
				TypeCache.ScanAssembly (0ms)
			BuildScriptInfoCaches (119ms)
			ResolveRequiredComponents (5ms)
	FinalizeReload (426ms)
		ReleaseScriptCaches (0ms)
		RebuildScriptCaches (0ms)
		SetupLoadedEditorAssemblies (338ms)
			LogAssemblyErrors (0ms)
			InitializePlatformSupportModulesInManaged (13ms)
			SetLoadedEditorAssemblies (2ms)
			BeforeProcessingInitializeOnLoad (70ms)
			ProcessInitializeOnLoadAttributes (230ms)
			ProcessInitializeOnLoadMethodAttributes (18ms)
			AfterProcessingInitializeOnLoad (4ms)
			EditorAssembliesLoaded (0ms)
		ExecutionOrderSort2 (0ms)
		AwakeInstancesAfterBackupRestoration (5ms)
Refreshing native plugins compatible for Editor in 6.56 ms, found 4 plugins.
Preloading 0 native plugins for Editor in 0.00 ms.
Unloading 2 Unused Serialized files (Serialized files now loaded: 0)
Unloading 4859 unused Assets / (1.5 MB). Loaded Objects now: 5331.
Memory consumption went from 93.1 MB to 91.6 MB.
Total: 7.757700 ms (FindLiveObjects: 0.549300 ms CreateObjectMapping: 0.690300 ms MarkObjects: 4.838000 ms  DeleteObjects: 1.678500 ms)

Prepare: number of updated asset objects reloaded= 0
========================================================================
Received Prepare
Assembly reference Packages/com.unity.cinemachine/Editor/Samples/ExposeHDRPInternals/HDRP-Editor-ref.asmref has no target assembly definition
Assembly reference Packages/com.unity.cinemachine/Editor/Samples/ExposeHDRPInternals/HDRP-Editor-ref.asmref has no target assembly definition
Begin MonoManager ReloadAssembly
Symbol file LoadedFromMemory is not a mono symbol file
Symbol file LoadedFromMemory is not a mono symbol file
Symbol file LoadedFromMemory is not a mono symbol file
- Loaded All Assemblies, in  0.557 seconds
Assembly reference Packages/com.unity.cinemachine/Editor/Samples/ExposeHDRPInternals/HDRP-Editor-ref.asmref has no target assembly definition
'Packages/com.unity.cinemachine/Editor/Obsolete/CinemachineVirtualCameraBaseEditor.cs' contains partial class of Unity.Object, exactly 1 of the partial classes needs to be in a file with the same filename. This is to know the one that can be referenced from ie. GameObjects
'Packages/com.unity.cinemachine/Editor/Editors/CinemachineVirtualCameraBaseEditor.cs' contains partial class of Unity.Object, exactly 1 of the partial classes needs to be in a file with the same filename. This is to know the one that can be referenced from ie. GameObjects
Refreshing native plugins compatible for Editor in 3.85 ms, found 4 plugins.
Native extension for iOS target not found
Native extension for Android target not found
Native extension for WindowsStandalone target not found
Assembly reference Packages/com.unity.cinemachine/Editor/Samples/ExposeHDRPInternals/HDRP-Editor-ref.asmref has no target assembly definition
[Package Manager] Failed to launch server process. Reason: Unity was launched with the -noUpm command-line argument
[Package Manager] Unable to send message (not connected to server process).
[Package Manager] Cannot connect to Unity Package Manager local server
Mono: successfully reloaded assembly
- Finished resetting the current domain, in  0.430 seconds
Domain Reload Profiling: 986ms
	BeginReloadAssembly (150ms)
		ExecutionOrderSort (0ms)
		DisableScriptedObjects (4ms)
		BackupInstance (0ms)
		ReleaseScriptingObjects (0ms)
		CreateAndSetChildDomain (34ms)
	RebuildCommonClasses (26ms)
	RebuildNativeTypeToScriptingClass (9ms)
	initialDomainReloadingComplete (23ms)
	LoadAllAssembliesAndSetupDomain (348ms)
		LoadAssemblies (283ms)
		RebuildTransferFunctionScriptingTraits (0ms)
		AnalyzeDomain (144ms)
			TypeCache.Refresh (6ms)
				TypeCache.ScanAssembly (0ms)
			BuildScriptInfoCaches (127ms)
			ResolveRequiredComponents (7ms)
	FinalizeReload (430ms)
		ReleaseScriptCaches (0ms)
		RebuildScriptCaches (0ms)
		SetupLoadedEditorAssemblies (338ms)
			LogAssemblyErrors (0ms)
			InitializePlatformSupportModulesInManaged (12ms)
			SetLoadedEditorAssemblies (2ms)
			BeforeProcessingInitializeOnLoad (63ms)
			ProcessInitializeOnLoadAttributes (231ms)
			ProcessInitializeOnLoadMethodAttributes (26ms)
			AfterProcessingInitializeOnLoad (4ms)
			EditorAssembliesLoaded (0ms)
		ExecutionOrderSort2 (0ms)
		AwakeInstancesAfterBackupRestoration (5ms)
Refreshing native plugins compatible for Editor in 6.50 ms, found 4 plugins.
Preloading 0 native plugins for Editor in 0.00 ms.
Unloading 1 Unused Serialized files (Serialized files now loaded: 0)
Unloading 4859 unused Assets / (4.9 MB). Loaded Objects now: 5331.
Memory consumption went from 93.1 MB to 88.2 MB.
Total: 38.091800 ms (FindLiveObjects: 0.497900 ms CreateObjectMapping: 0.541700 ms MarkObjects: 4.917500 ms  DeleteObjects: 32.132400 ms)

Prepare: number of updated asset objects reloaded= 0
========================================================================
Received Import Request.
  Time since last request: 4049.427663 seconds.
  path: Assets/Mapbox/Examples/Resources/maki/theatre-15.png
  artifactKey: Guid(fdcf1646c2636004ca82e6046ed05398) Importer(815301076,1909f56bfc062723c751e8b465ee728b)
Start importing Assets/Mapbox/Examples/Resources/maki/theatre-15.png using Guid(fdcf1646c2636004ca82e6046ed05398) Importer(815301076,1909f56bfc062723c751e8b465ee728b) (PreviewImporter) -> (artifact id: 'a7a915595258539af79e225eab6b750e') in 0.1439921 seconds
Number of updated asset objects reloaded before import = 0Number of asset objects unloaded after import = 3

========================================================================
Received Import Request.
  Time since last request: 0.000023 seconds.
  path: Assets/Mapbox/Examples/8_VoxelMap/Screenshots/VoxelMap.png
  artifactKey: Guid(805ed9e7e2bcd4071bd22b135125a912) Importer(815301076,1909f56bfc062723c751e8b465ee728b)
Start importing Assets/Mapbox/Examples/8_VoxelMap/Screenshots/VoxelMap.png using Guid(805ed9e7e2bcd4071bd22b135125a912) Importer(815301076,1909f56bfc062723c751e8b465ee728b) (PreviewImporter) -> (artifact id: '74db58692e5388fbd893e138e86ada13') in 0.0183269 seconds
Number of updated asset objects reloaded before import = 0Number of asset objects unloaded after import = 3

========================================================================
Received Import Request.
  Time since last request: 0.000064 seconds.
  path: Packages/com.simonoliver.unityfigma/Docs/UnityFigmaBridgeBanner.png
  artifactKey: Guid(d3838b3e2e16a3648bdd738efeff6bd8) Importer(815301076,1909f56bfc062723c751e8b465ee728b)
Start importing Packages/com.simonoliver.unityfigma/Docs/UnityFigmaBridgeBanner.png using Guid(d3838b3e2e16a3648bdd738efeff6bd8) Importer(815301076,1909f56bfc062723c751e8b465ee728b) (PreviewImporter) -> (artifact id: 'f00526aa81dfb8d594dc99b0f42ed35f') in 0.0437015 seconds
Number of updated asset objects reloaded before import = 0Number of asset objects unloaded after import = 3

========================================================================
Received Import Request.
  Time since last request: 0.000038 seconds.
  path: Assets/Mapbox/Examples/Resources/maki/toilet-15.png
  artifactKey: Guid(baa3d11b19b652f40b873bea866fca56) Importer(815301076,1909f56bfc062723c751e8b465ee728b)
Start importing Assets/Mapbox/Examples/Resources/maki/toilet-15.png using Guid(baa3d11b19b652f40b873bea866fca56) Importer(815301076,1909f56bfc062723c751e8b465ee728b) (PreviewImporter) -> (artifact id: '6df12b7b8eeaad7bd44ca1b73514f0d9') in 0.0116819 seconds
Number of updated asset objects reloaded before import = 0Number of asset objects unloaded after import = 3

========================================================================
Received Import Request.
  Time since last request: 0.000058 seconds.
  path: Assets/Mapbox/Examples/Resources/maki/water-15.png
  artifactKey: Guid(adc98df7d2e216c4294db26b0fe7ca87) Importer(815301076,1909f56bfc062723c751e8b465ee728b)
Start importing Assets/Mapbox/Examples/Resources/maki/water-15.png using Guid(adc98df7d2e216c4294db26b0fe7ca87) Importer(815301076,1909f56bfc062723c751e8b465ee728b) (PreviewImporter) -> (artifact id: 'e82435d70698763480aad546a2b65adc') in 0.0131433 seconds
Number of updated asset objects reloaded before import = 0Number of asset objects unloaded after import = 3

========================================================================
Received Import Request.
  Time since last request: 0.000021 seconds.
  path: Assets/Mapbox/Examples/Resources/maki/volcano-15.png
  artifactKey: Guid(adf4b35731ef85a4fb5abdf6eaca3de4) Importer(815301076,1909f56bfc062723c751e8b465ee728b)
Start importing Assets/Mapbox/Examples/Resources/maki/volcano-15.png using Guid(adf4b35731ef85a4fb5abdf6eaca3de4) Importer(815301076,1909f56bfc062723c751e8b465ee728b) (PreviewImporter) -> (artifact id: '3ebb4e57dc4dcf425ef932c1f730ac18') in 0.0192143 seconds
Number of updated asset objects reloaded before import = 0Number of asset objects unloaded after import = 3

========================================================================
Received Import Request.
  Time since last request: 0.000023 seconds.
  path: Assets/Mapbox/Resources/Mapbox/PrefabScreens/WorldScaleAR.gif
  artifactKey: Guid(544693615a8f3459c94a0a5a8930a702) Importer(815301076,1909f56bfc062723c751e8b465ee728b)
Start importing Assets/Mapbox/Resources/Mapbox/PrefabScreens/WorldScaleAR.gif using Guid(544693615a8f3459c94a0a5a8930a702) Importer(815301076,1909f56bfc062723c751e8b465ee728b) (PreviewImporter) -> (artifact id: '95716bab4262b31f31d94c787e99fae5') in 0.0362646 seconds
Number of updated asset objects reloaded before import = 0Number of asset objects unloaded after import = 3

========================================================================
Received Import Request.
  Time since last request: 0.000112 seconds.
  path: Assets/Mapbox/Examples/Resources/maki/waste-basket-15.png
  artifactKey: Guid(d6e1dd6c5dbc43d43adbe36b7c00b38a) Importer(815301076,1909f56bfc062723c751e8b465ee728b)
Start importing Assets/Mapbox/Examples/Resources/maki/waste-basket-15.png using Guid(d6e1dd6c5dbc43d43adbe36b7c00b38a) Importer(815301076,1909f56bfc062723c751e8b465ee728b) (PreviewImporter) -> (artifact id: '369107e4610a4a86ad0d2ede70bc4ee1') in 0.0165015 seconds
Number of updated asset objects reloaded before import = 0Number of asset objects unloaded after import = 3

========================================================================
Received Import Request.
  Time since last request: 0.000017 seconds.
  path: Assets/Mapbox/Examples/Resources/maki/wetland-15.png
  artifactKey: Guid(be0ba1cde49b24648ba3ec24fae5059b) Importer(815301076,1909f56bfc062723c751e8b465ee728b)
Start importing Assets/Mapbox/Examples/Resources/maki/wetland-15.png using Guid(be0ba1cde49b24648ba3ec24fae5059b) Importer(815301076,1909f56bfc062723c751e8b465ee728b) (PreviewImporter) -> (artifact id: '119c759ca776fb9af3f5705d3b9cbed0') in 0.0145338 seconds
Number of updated asset objects reloaded before import = 0Number of asset objects unloaded after import = 3

========================================================================
Received Import Request.
  Time since last request: 0.297562 seconds.
  path: Assets/Mapbox/Examples/Resources/maki/star-stroked-15.png
  artifactKey: Guid(8c1b77a0885e16741b9ca566cca795c8) Importer(815301076,1909f56bfc062723c751e8b465ee728b)
Start importing Assets/Mapbox/Examples/Resources/maki/star-stroked-15.png using Guid(8c1b77a0885e16741b9ca566cca795c8) Importer(815301076,1909f56bfc062723c751e8b465ee728b) (PreviewImporter) -> (artifact id: '3318d10025ba1787b67988d69739a421') in 0.0090994 seconds
Number of updated asset objects reloaded before import = 0Number of asset objects unloaded after import = 3

========================================================================
Received Import Request.
  Time since last request: 0.000023 seconds.
  path: Assets/Mapbox/Examples/Resources/maki/sushi-15.png
  artifactKey: Guid(27a366aade3a7904f86b4538ba21bdd2) Importer(815301076,1909f56bfc062723c751e8b465ee728b)
Start importing Assets/Mapbox/Examples/Resources/maki/sushi-15.png using Guid(27a366aade3a7904f86b4538ba21bdd2) Importer(815301076,1909f56bfc062723c751e8b465ee728b) (PreviewImporter) -> (artifact id: '9b69b73db2fab818c0012894f0b25669') in 0.0090528 seconds
Number of updated asset objects reloaded before import = 0Number of asset objects unloaded after import = 3

========================================================================
Received Import Request.
  Time since last request: 0.000278 seconds.
  path: Assets/Mapbox/Examples/Resources/maki/teahouse-15.png
  artifactKey: Guid(2ef69bc38ea8a064385fc07ab2ed79dd) Importer(815301076,1909f56bfc062723c751e8b465ee728b)
Start importing Assets/Mapbox/Examples/Resources/maki/teahouse-15.png using Guid(2ef69bc38ea8a064385fc07ab2ed79dd) Importer(815301076,1909f56bfc062723c751e8b465ee728b) (PreviewImporter) -> (artifact id: '2bc19de1046f393e578f282982eef538') in 0.0088317 seconds
Number of updated asset objects reloaded before import = 0Number of asset objects unloaded after import = 3

========================================================================
Received Import Request.
  Time since last request: 0.000109 seconds.
  path: Assets/Mapbox/Resources/Mapbox/PrefabScreens/TabletopAR.gif
  artifactKey: Guid(e96036a81f146439cb33587e192539c7) Importer(815301076,1909f56bfc062723c751e8b465ee728b)
Start importing Assets/Mapbox/Resources/Mapbox/PrefabScreens/TabletopAR.gif using Guid(e96036a81f146439cb33587e192539c7) Importer(815301076,1909f56bfc062723c751e8b465ee728b) (PreviewImporter) -> (artifact id: 'd4f7fbc4e5f4fdef31bbc3ff43a6b7ba') in 0.0101853 seconds
Number of updated asset objects reloaded before import = 0Number of asset objects unloaded after import = 3

========================================================================
Received Import Request.
  Time since last request: 0.033282 seconds.
  path: Assets/Mapbox/Examples/Resources/maki/shelter-15.png
  artifactKey: Guid(607390fa910fade45aa98f83f6e34951) Importer(815301076,1909f56bfc062723c751e8b465ee728b)
Start importing Assets/Mapbox/Examples/Resources/maki/shelter-15.png using Guid(607390fa910fade45aa98f83f6e34951) Importer(815301076,1909f56bfc062723c751e8b465ee728b) (PreviewImporter) -> (artifact id: 'b390485c69dd3f1c587ffe9e4396dbfe') in 0.0092576 seconds
Number of updated asset objects reloaded before import = 0Number of asset objects unloaded after import = 3

========================================================================
Received Import Request.
  Time since last request: 0.000018 seconds.
  path: Assets/Mapbox/Examples/Resources/maki/soccer-15.png
  artifactKey: Guid(826d86a5e9ef99c4285c83adce88654d) Importer(815301076,1909f56bfc062723c751e8b465ee728b)
Start importing Assets/Mapbox/Examples/Resources/maki/soccer-15.png using Guid(826d86a5e9ef99c4285c83adce88654d) Importer(815301076,1909f56bfc062723c751e8b465ee728b) (PreviewImporter) -> (artifact id: 'd70abf14980aa7e4b50271e4299a9370') in 0.0094176 seconds
Number of updated asset objects reloaded before import = 0Number of asset objects unloaded after import = 3

========================================================================
Received Import Request.
  Time since last request: 0.000031 seconds.
  path: Assets/Mapbox/Examples/Resources/maki/square-stroked-15.png
  artifactKey: Guid(2990428a352e2884786762733fceca80) Importer(815301076,1909f56bfc062723c751e8b465ee728b)
Start importing Assets/Mapbox/Examples/Resources/maki/square-stroked-15.png using Guid(2990428a352e2884786762733fceca80) Importer(815301076,1909f56bfc062723c751e8b465ee728b) (PreviewImporter) -> (artifact id: 'e2e46c53d422da59a551c3c070427a5b') in 0.010229 seconds
Number of updated asset objects reloaded before import = 0Number of asset objects unloaded after import = 3

========================================================================
Received Import Request.
  Time since last request: 0.000026 seconds.
  path: Assets/Mapbox/Examples/Resources/maki/shop-15.png
  artifactKey: Guid(591053151e5690843a9abd44ebf79681) Importer(815301076,1909f56bfc062723c751e8b465ee728b)
Start importing Assets/Mapbox/Examples/Resources/maki/shop-15.png using Guid(591053151e5690843a9abd44ebf79681) Importer(815301076,1909f56bfc062723c751e8b465ee728b) (PreviewImporter) -> (artifact id: '8d833cfc8e7fc52d2f03b78dec0a915c') in 0.0092522 seconds
Number of updated asset objects reloaded before import = 0Number of asset objects unloaded after import = 3

========================================================================
Received Import Request.
  Time since last request: 0.140503 seconds.
  path: Assets/Mapbox/Examples/4_ReplaceFeatures/Screenshots/ReplaceFeatures.png
  artifactKey: Guid(81e4425f6c22e497d9f87b864accb082) Importer(815301076,1909f56bfc062723c751e8b465ee728b)
Start importing Assets/Mapbox/Examples/4_ReplaceFeatures/Screenshots/ReplaceFeatures.png using Guid(81e4425f6c22e497d9f87b864accb082) Importer(815301076,1909f56bfc062723c751e8b465ee728b) (PreviewImporter) -> (artifact id: '29cea8651c26666b82ab96d394b1f6ad') in 0.0108126 seconds
Number of updated asset objects reloaded before import = 0Number of asset objects unloaded after import = 3

========================================================================
Received Import Request.
  Time since last request: 0.000025 seconds.
  path: Assets/Mapbox/Examples/Resources/maki/rocket-15.png
  artifactKey: Guid(ba811397e931c754dac7b750dc6a0092) Importer(815301076,1909f56bfc062723c751e8b465ee728b)
Start importing Assets/Mapbox/Examples/Resources/maki/rocket-15.png using Guid(ba811397e931c754dac7b750dc6a0092) Importer(815301076,1909f56bfc062723c751e8b465ee728b) (PreviewImporter) -> (artifact id: '43d34cddf0e0124d6c3d959d351ccba4') in 0.0087813 seconds
Number of updated asset objects reloaded before import = 0Number of asset objects unloaded after import = 3

========================================================================
Received Import Request.
  Time since last request: 0.000064 seconds.
  path: Assets/Mapbox/Examples/Resources/maki/roadblock-15.png
  artifactKey: Guid(42d74a422de971c4bbe8bcfc9d7a52e2) Importer(815301076,1909f56bfc062723c751e8b465ee728b)
Start importing Assets/Mapbox/Examples/Resources/maki/roadblock-15.png using Guid(42d74a422de971c4bbe8bcfc9d7a52e2) Importer(815301076,1909f56bfc062723c751e8b465ee728b) (PreviewImporter) -> (artifact id: '28a031efd2c7ae96d5c2bb2502686435') in 0.0081335 seconds
Number of updated asset objects reloaded before import = 0Number of asset objects unloaded after import = 3

========================================================================
Received Import Request.
  Time since last request: 0.000037 seconds.
  path: Assets/Mapbox/Examples/Resources/maki/school-15.png
  artifactKey: Guid(b21b0426dd17d2147b0a9ac8292ced62) Importer(815301076,1909f56bfc062723c751e8b465ee728b)
Start importing Assets/Mapbox/Examples/Resources/maki/school-15.png using Guid(b21b0426dd17d2147b0a9ac8292ced62) Importer(815301076,1909f56bfc062723c751e8b465ee728b) (PreviewImporter) -> (artifact id: 'fb0156a5fbd415ca6deb599aca4e9056') in 0.0082382 seconds
Number of updated asset objects reloaded before import = 0Number of asset objects unloaded after import = 3

========================================================================
Received Import Request.
  Time since last request: 0.013388 seconds.
  path: Assets/Mapbox/Examples/Resources/maki/prison-15.png
  artifactKey: Guid(206aeb4e19e242545817b0c560f5d1f7) Importer(815301076,1909f56bfc062723c751e8b465ee728b)
Start importing Assets/Mapbox/Examples/Resources/maki/prison-15.png using Guid(206aeb4e19e242545817b0c560f5d1f7) Importer(815301076,1909f56bfc062723c751e8b465ee728b) (PreviewImporter) -> (artifact id: 'd2d5b0a655a4b2c508b1410c4e3b88d7') in 0.0092652 seconds
Number of updated asset objects reloaded before import = 0Number of asset objects unloaded after import = 3

========================================================================
Received Import Request.
  Time since last request: 0.000063 seconds.
  path: Assets/Mapbox/Examples/Resources/maki/religious-christian-15.png
  artifactKey: Guid(266fe43f7f5f132458eb084a820fa017) Importer(815301076,1909f56bfc062723c751e8b465ee728b)
Start importing Assets/Mapbox/Examples/Resources/maki/religious-christian-15.png using Guid(266fe43f7f5f132458eb084a820fa017) Importer(815301076,1909f56bfc062723c751e8b465ee728b) (PreviewImporter) -> (artifact id: 'd6a7089e2cc988f3e57a59ba0124c86d') in 0.0083545 seconds
Number of updated asset objects reloaded before import = 0Number of asset objects unloaded after import = 3

========================================================================
Received Import Request.
  Time since last request: 0.000033 seconds.
  path: Assets/Mapbox/Examples/Resources/maki/rail-light-15.png
  artifactKey: Guid(c7d01cb3a3849984db1e0e6dea66fc47) Importer(815301076,1909f56bfc062723c751e8b465ee728b)
Start importing Assets/Mapbox/Examples/Resources/maki/rail-light-15.png using Guid(c7d01cb3a3849984db1e0e6dea66fc47) Importer(815301076,1909f56bfc062723c751e8b465ee728b) (PreviewImporter) -> (artifact id: 'e36b1850f962dd19d38469949d490906') in 0.0094598 seconds
Number of updated asset objects reloaded before import = 0Number of asset objects unloaded after import = 3

========================================================================
Received Import Request.
  Time since last request: 0.000023 seconds.
  path: Assets/Mapbox/Examples/Resources/maki/rail-15.png
  artifactKey: Guid(8d57544bec7e2c34fa61c15afe16e9bf) Importer(815301076,1909f56bfc062723c751e8b465ee728b)
Start importing Assets/Mapbox/Examples/Resources/maki/rail-15.png using Guid(8d57544bec7e2c34fa61c15afe16e9bf) Importer(815301076,1909f56bfc062723c751e8b465ee728b) (PreviewImporter) -> (artifact id: '20b22e9e641bf63d84ace56a708931b9') in 0.0101633 seconds
Number of updated asset objects reloaded before import = 0Number of asset objects unloaded after import = 3

========================================================================
Received Import Request.
  Time since last request: 0.000023 seconds.
  path: Assets/Mapbox/Examples/3_POIPlacement/Resources/poi-icon-outdoors.png
  artifactKey: Guid(08d14ec5687ea47fcb3de9ac267391b5) Importer(815301076,1909f56bfc062723c751e8b465ee728b)
Start importing Assets/Mapbox/Examples/3_POIPlacement/Resources/poi-icon-outdoors.png using Guid(08d14ec5687ea47fcb3de9ac267391b5) Importer(815301076,1909f56bfc062723c751e8b465ee728b) (PreviewImporter) -> (artifact id: 'bc661a61180d4dfdcdbca3dd70cf1974') in 0.0118579 seconds
Number of updated asset objects reloaded before import = 0Number of asset objects unloaded after import = 3

========================================================================
Received Import Request.
  Time since last request: 0.000070 seconds.
  path: Assets/Mapbox/Examples/3_POIPlacement/Screenshots/POIPlacement.png
  artifactKey: Guid(c2103bdd982e845a0a07bc8ee6649a17) Importer(815301076,1909f56bfc062723c751e8b465ee728b)
Start importing Assets/Mapbox/Examples/3_POIPlacement/Screenshots/POIPlacement.png using Guid(c2103bdd982e845a0a07bc8ee6649a17) Importer(815301076,1909f56bfc062723c751e8b465ee728b) (PreviewImporter) -> (artifact id: '07e0f0241197bce605ddf5f6c9286719') in 0.0122248 seconds
Number of updated asset objects reloaded before import = 0Number of asset objects unloaded after import = 3

========================================================================
Received Import Request.
  Time since last request: 0.000022 seconds.
  path: Assets/Mapbox/Examples/Resources/maki/police-15.png
  artifactKey: Guid(c191942b2af0e7944b071a1c78fb7837) Importer(815301076,1909f56bfc062723c751e8b465ee728b)
Start importing Assets/Mapbox/Examples/Resources/maki/police-15.png using Guid(c191942b2af0e7944b071a1c78fb7837) Importer(815301076,1909f56bfc062723c751e8b465ee728b) (PreviewImporter) -> (artifact id: 'e6f06827de217d2f2e78a18a26e749ba') in 0.0111778 seconds
Number of updated asset objects reloaded before import = 0Number of asset objects unloaded after import = 3

========================================================================
Received Import Request.
  Time since last request: 0.000026 seconds.
  path: Assets/Mapbox/Examples/3_POIPlacement/Resources/poi-icon-nightlife.png
  artifactKey: Guid(88cacb42af7fe47338fa175ad6114e09) Importer(815301076,1909f56bfc062723c751e8b465ee728b)
Start importing Assets/Mapbox/Examples/3_POIPlacement/Resources/poi-icon-nightlife.png using Guid(88cacb42af7fe47338fa175ad6114e09) Importer(815301076,1909f56bfc062723c751e8b465ee728b) (PreviewImporter) -> (artifact id: '8b1b96a71801c4758056c780290f7341') in 0.0089982 seconds
Number of updated asset objects reloaded before import = 0Number of asset objects unloaded after import = 3

========================================================================
Received Import Request.
  Time since last request: 0.345294 seconds.
  path: Assets/Mapbox/Examples/Resources/maki/pharmacy-15.png
  artifactKey: Guid(50167a422193d5546ba8c8163c00072e) Importer(815301076,1909f56bfc062723c751e8b465ee728b)
Start importing Assets/Mapbox/Examples/Resources/maki/pharmacy-15.png using Guid(50167a422193d5546ba8c8163c00072e) Importer(815301076,1909f56bfc062723c751e8b465ee728b) (PreviewImporter) -> (artifact id: 'f954f1a20005e8a8f57cb8c72fdc8052') in 0.0085453 seconds
Number of updated asset objects reloaded before import = 0Number of asset objects unloaded after import = 3

========================================================================
Received Import Request.
  Time since last request: 0.000024 seconds.
  path: Assets/Mapbox/Examples/Resources/maki/picnic-site-15.png
  artifactKey: Guid(02f22550a6c605b4da2b131dcb19816b) Importer(815301076,1909f56bfc062723c751e8b465ee728b)
Start importing Assets/Mapbox/Examples/Resources/maki/picnic-site-15.png using Guid(02f22550a6c605b4da2b131dcb19816b) Importer(815301076,1909f56bfc062723c751e8b465ee728b) (PreviewImporter) -> (artifact id: '606b29f688fcfc3869fc64e75ca0becc') in 0.0094494 seconds
Number of updated asset objects reloaded before import = 0Number of asset objects unloaded after import = 3

========================================================================
Received Import Request.
  Time since last request: 0.000021 seconds.
  path: Assets/Mapbox/Examples/3_POIPlacement/Resources/poi-icon-arts.png
  artifactKey: Guid(808e85b573ffd4216a301aa2c9e1293f) Importer(815301076,1909f56bfc062723c751e8b465ee728b)
Start importing Assets/Mapbox/Examples/3_POIPlacement/Resources/poi-icon-arts.png using Guid(808e85b573ffd4216a301aa2c9e1293f) Importer(815301076,1909f56bfc062723c751e8b465ee728b) (PreviewImporter) -> (artifact id: '46bfae321c063b78b7889e65433f0a9e') in 0.0106991 seconds
Number of updated asset objects reloaded before import = 0Number of asset objects unloaded after import = 3

========================================================================
Received Import Request.
  Time since last request: 0.000026 seconds.
  path: Assets/Mapbox/Examples/Resources/maki/playground-15.png
  artifactKey: Guid(7f10afd7e5ab4bc49a14777ba3555195) Importer(815301076,1909f56bfc062723c751e8b465ee728b)
Start importing Assets/Mapbox/Examples/Resources/maki/playground-15.png using Guid(7f10afd7e5ab4bc49a14777ba3555195) Importer(815301076,1909f56bfc062723c751e8b465ee728b) (PreviewImporter) -> (artifact id: '59b77036e03c27d8523b1758cd9a65a0') in 0.0089714 seconds
Number of updated asset objects reloaded before import = 0Number of asset objects unloaded after import = 3

========================================================================
Received Import Request.
  Time since last request: 0.000074 seconds.
  path: Assets/Mapbox/Examples/Resources/maki/monument-15.png
  artifactKey: Guid(d5f811a06bace804ea9ca2920bb9c765) Importer(815301076,1909f56bfc062723c751e8b465ee728b)
Start importing Assets/Mapbox/Examples/Resources/maki/monument-15.png using Guid(d5f811a06bace804ea9ca2920bb9c765) Importer(815301076,1909f56bfc062723c751e8b465ee728b) (PreviewImporter) -> (artifact id: '3ee0dc9d4f8df78b40cc5b1522aaf03f') in 0.0098863 seconds
Number of updated asset objects reloaded before import = 0Number of asset objects unloaded after import = 3

========================================================================
Received Import Request.
  Time since last request: 0.000022 seconds.
  path: Assets/Mapbox/Examples/Resources/maki/park-15.png
  artifactKey: Guid(c6f2d0376dc02bd4783e9b539e0fdc70) Importer(815301076,1909f56bfc062723c751e8b465ee728b)
Start importing Assets/Mapbox/Examples/Resources/maki/park-15.png using Guid(c6f2d0376dc02bd4783e9b539e0fdc70) Importer(815301076,1909f56bfc062723c751e8b465ee728b) (PreviewImporter) -> (artifact id: '5098bacdcaec73f4977e3c9a6634221e') in 0.0112449 seconds
Number of updated asset objects reloaded before import = 0Number of asset objects unloaded after import = 3

========================================================================
Received Import Request.
  Time since last request: 0.000023 seconds.
  path: Assets/Mapbox/Examples/Resources/maki/music-15.png
  artifactKey: Guid(95027b675c797d0478c02e66837b1fc9) Importer(815301076,1909f56bfc062723c751e8b465ee728b)
Start importing Assets/Mapbox/Examples/Resources/maki/music-15.png using Guid(95027b675c797d0478c02e66837b1fc9) Importer(815301076,1909f56bfc062723c751e8b465ee728b) (PreviewImporter) -> (artifact id: '18e07df45ad1212eefe3200cbb88101f') in 0.0140225 seconds
Number of updated asset objects reloaded before import = 0Number of asset objects unloaded after import = 3

========================================================================
Received Import Request.
  Time since last request: 0.000022 seconds.
  path: Assets/Mapbox/Examples/Resources/maki/karaoke-15.png
  artifactKey: Guid(59827cdc97caf864ea91472943a6bdca) Importer(815301076,1909f56bfc062723c751e8b465ee728b)
Start importing Assets/Mapbox/Examples/Resources/maki/karaoke-15.png using Guid(59827cdc97caf864ea91472943a6bdca) Importer(815301076,1909f56bfc062723c751e8b465ee728b) (PreviewImporter) -> (artifact id: '9c5fdbe62f33977735f230c96e2dc9ad') in 0.0085732 seconds
Number of updated asset objects reloaded before import = 0Number of asset objects unloaded after import = 3

========================================================================
Received Import Request.
  Time since last request: 0.000017 seconds.
  path: Assets/Mapbox/Resources/Mapbox/PrefabScreens/Location-basedGame.gif
  artifactKey: Guid(b9da555a2df00402d86244517dae835a) Importer(815301076,1909f56bfc062723c751e8b465ee728b)
Start importing Assets/Mapbox/Resources/Mapbox/PrefabScreens/Location-basedGame.gif using Guid(b9da555a2df00402d86244517dae835a) Importer(815301076,1909f56bfc062723c751e8b465ee728b) (PreviewImporter) -> (artifact id: '0119fd6b89abf58eb883b10b23f9558d') in 0.0113653 seconds
Number of updated asset objects reloaded before import = 0Number of asset objects unloaded after import = 3

========================================================================
Received Import Request.
  Time since last request: 0.000019 seconds.
  path: Assets/Mapbox/Textures/mapbox-attribution.png
  artifactKey: Guid(066eb96836b694d168eff135bd2aeaca) Importer(815301076,1909f56bfc062723c751e8b465ee728b)
Start importing Assets/Mapbox/Textures/mapbox-attribution.png using Guid(066eb96836b694d168eff135bd2aeaca) Importer(815301076,1909f56bfc062723c751e8b465ee728b) (PreviewImporter) -> (artifact id: '47f5c2e1bd85fa73e44f605488701d17') in 0.0109424 seconds
Number of updated asset objects reloaded before import = 0Number of asset objects unloaded after import = 3

========================================================================
Received Import Request.
  Time since last request: 0.000020 seconds.
  path: Assets/Mapbox/Examples/Resources/maki/lighthouse-15.png
  artifactKey: Guid(60c5cc0d372cc6440bdf62f8450e4c46) Importer(815301076,1909f56bfc062723c751e8b465ee728b)
Start importing Assets/Mapbox/Examples/Resources/maki/lighthouse-15.png using Guid(60c5cc0d372cc6440bdf62f8450e4c46) Importer(815301076,1909f56bfc062723c751e8b465ee728b) (PreviewImporter) -> (artifact id: 'c0174c646768dcd89be9dd4dc1b9603e') in 0.010705 seconds
Number of updated asset objects reloaded before import = 0Number of asset objects unloaded after import = 3

========================================================================
Received Import Request.
  Time since last request: 0.000026 seconds.
  path: Assets/Mapbox/Textures/mapbox-logo-white.png
  artifactKey: Guid(fa730453dea644416a34148b2e436e78) Importer(815301076,1909f56bfc062723c751e8b465ee728b)
Start importing Assets/Mapbox/Textures/mapbox-logo-white.png using Guid(fa730453dea644416a34148b2e436e78) Importer(815301076,1909f56bfc062723c751e8b465ee728b) (PreviewImporter) -> (artifact id: 'd1ffe130e34b058ec6bfe04e7f952aad') in 0.0105657 seconds
Number of updated asset objects reloaded before import = 0Number of asset objects unloaded after import = 3

========================================================================
Received Import Request.
  Time since last request: 0.096124 seconds.
  path: Assets/Mapbox/Examples/Resources/maki/heart-15.png
  artifactKey: Guid(818198d6da1f6d84db65f5dad172eeb4) Importer(815301076,1909f56bfc062723c751e8b465ee728b)
Start importing Assets/Mapbox/Examples/Resources/maki/heart-15.png using Guid(818198d6da1f6d84db65f5dad172eeb4) Importer(815301076,1909f56bfc062723c751e8b465ee728b) (PreviewImporter) -> (artifact id: '20e06a68e5abd8db3693cab39464aa90') in 0.0095218 seconds
Number of updated asset objects reloaded before import = 0Number of asset objects unloaded after import = 3

========================================================================
Received Import Request.
  Time since last request: 0.000020 seconds.
  path: Assets/Mapbox/Examples/Resources/maki/hospital-15.png
  artifactKey: Guid(dcf53dd8cb19651479de8de6bf813e39) Importer(815301076,1909f56bfc062723c751e8b465ee728b)
Start importing Assets/Mapbox/Examples/Resources/maki/hospital-15.png using Guid(dcf53dd8cb19651479de8de6bf813e39) Importer(815301076,1909f56bfc062723c751e8b465ee728b) (PreviewImporter) -> (artifact id: '635250eeca2c5377f45038c8fd2dd62b') in 0.0097065 seconds
Number of updated asset objects reloaded before import = 0Number of asset objects unloaded after import = 3

========================================================================
Received Import Request.
  Time since last request: 0.000022 seconds.
  path: Assets/Mapbox/Examples/Resources/maki/industry-15.png
  artifactKey: Guid(dd7dd9c1baecd44419d86a91f50533e3) Importer(815301076,1909f56bfc062723c751e8b465ee728b)
Start importing Assets/Mapbox/Examples/Resources/maki/industry-15.png using Guid(dd7dd9c1baecd44419d86a91f50533e3) Importer(815301076,1909f56bfc062723c751e8b465ee728b) (PreviewImporter) -> (artifact id: 'df42f5ccb03a047d1b88cab348402c13') in 0.0094341 seconds
Number of updated asset objects reloaded before import = 0Number of asset objects unloaded after import = 3

========================================================================
Received Import Request.
  Time since last request: 0.000097 seconds.
  path: Assets/Mapbox/Examples/Resources/maki/ice-cream-15.png
  artifactKey: Guid(7018b389b1fe77845a86a4b4f862ff48) Importer(815301076,1909f56bfc062723c751e8b465ee728b)
Start importing Assets/Mapbox/Examples/Resources/maki/ice-cream-15.png using Guid(7018b389b1fe77845a86a4b4f862ff48) Importer(815301076,1909f56bfc062723c751e8b465ee728b) (PreviewImporter) -> (artifact id: '63d2bdbd7072725ca1bcb2c9ec155649') in 0.0088486 seconds
Number of updated asset objects reloaded before import = 0Number of asset objects unloaded after import = 3

========================================================================
Received Import Request.
  Time since last request: 0.000023 seconds.
  path: Assets/Mapbox/Examples/Resources/maki/gaming-15.png
  artifactKey: Guid(9c2229b19c45b1049a76c61a71fe8d10) Importer(815301076,1909f56bfc062723c751e8b465ee728b)
Start importing Assets/Mapbox/Examples/Resources/maki/gaming-15.png using Guid(9c2229b19c45b1049a76c61a71fe8d10) Importer(815301076,1909f56bfc062723c751e8b465ee728b) (PreviewImporter) -> (artifact id: '7fc0a3e38ce29dcb8fa482f7b72ca7c7') in 0.0088063 seconds
Number of updated asset objects reloaded before import = 0Number of asset objects unloaded after import = 3

========================================================================
Received Import Request.
  Time since last request: 0.000036 seconds.
  path: Assets/Mapbox/Examples/Resources/maki/grocery-15.png
  artifactKey: Guid(90ee64b82e4a49e4e8d7da44d0f90f70) Importer(815301076,1909f56bfc062723c751e8b465ee728b)
Start importing Assets/Mapbox/Examples/Resources/maki/grocery-15.png using Guid(90ee64b82e4a49e4e8d7da44d0f90f70) Importer(815301076,1909f56bfc062723c751e8b465ee728b) (PreviewImporter) -> (artifact id: '7488ecb9bba98a208c7f0bc2c47b0d6e') in 0.0088444 seconds
Number of updated asset objects reloaded before import = 0Number of asset objects unloaded after import = 3

========================================================================
Received Import Request.
  Time since last request: 0.000020 seconds.
  path: Assets/Mapbox/Examples/Resources/maki/garden-15.png
  artifactKey: Guid(111fbabb4b76cc44f9b413ae15c1119e) Importer(815301076,1909f56bfc062723c751e8b465ee728b)
Start importing Assets/Mapbox/Examples/Resources/maki/garden-15.png using Guid(111fbabb4b76cc44f9b413ae15c1119e) Importer(815301076,1909f56bfc062723c751e8b465ee728b) (PreviewImporter) -> (artifact id: '53cafe108fc814bfe0b7867886b4082a') in 0.0079841 seconds
Number of updated asset objects reloaded before import = 0Number of asset objects unloaded after import = 3

========================================================================
Received Import Request.
  Time since last request: 0.000018 seconds.
  path: Assets/Mapbox/Examples/7_Globe/Screenshots/Globe.png
  artifactKey: Guid(31ea88f94a559415194f73d9ae78c4bb) Importer(815301076,1909f56bfc062723c751e8b465ee728b)
Start importing Assets/Mapbox/Examples/7_Globe/Screenshots/Globe.png using Guid(31ea88f94a559415194f73d9ae78c4bb) Importer(815301076,1909f56bfc062723c751e8b465ee728b) (PreviewImporter) -> (artifact id: '6b36fe94720a07bafda5cbbf5498d821') in 0.0086937 seconds
Number of updated asset objects reloaded before import = 0Number of asset objects unloaded after import = 3

========================================================================
Received Import Request.
  Time since last request: 0.000015 seconds.
  path: Assets/Mapbox/Examples/Resources/maki/dog-park-15.png
  artifactKey: Guid(3e53e851d8f2bda42af8f59b9a3a0a99) Importer(815301076,1909f56bfc062723c751e8b465ee728b)
Start importing Assets/Mapbox/Examples/Resources/maki/dog-park-15.png using Guid(3e53e851d8f2bda42af8f59b9a3a0a99) Importer(815301076,1909f56bfc062723c751e8b465ee728b) (PreviewImporter) -> (artifact id: '18e2317b4fd77bc7bb5d25a514251385') in 0.0074249 seconds
Number of updated asset objects reloaded before import = 0Number of asset objects unloaded after import = 3

========================================================================
Received Import Request.
  Time since last request: 0.000031 seconds.
  path: Assets/Mapbox/Examples/Resources/maki/fast-food-15.png
  artifactKey: Guid(428a955abb5203f4f8c78214fb11318d) Importer(815301076,1909f56bfc062723c751e8b465ee728b)
Start importing Assets/Mapbox/Examples/Resources/maki/fast-food-15.png using Guid(428a955abb5203f4f8c78214fb11318d) Importer(815301076,1909f56bfc062723c751e8b465ee728b) (PreviewImporter) -> (artifact id: '9eec885edcde1c66604941d77c571197') in 0.0085479 seconds
Number of updated asset objects reloaded before import = 0Number of asset objects unloaded after import = 3

========================================================================
Received Import Request.
  Time since last request: 0.000024 seconds.
  path: Assets/Mapbox/Examples/Resources/maki/ferry-15.png
  artifactKey: Guid(02c7aad588166c3419c17ee5a1762a5e) Importer(815301076,1909f56bfc062723c751e8b465ee728b)
Start importing Assets/Mapbox/Examples/Resources/maki/ferry-15.png using Guid(02c7aad588166c3419c17ee5a1762a5e) Importer(815301076,1909f56bfc062723c751e8b465ee728b) (PreviewImporter) -> (artifact id: '587d984d256f0e19edafb4ea0d584b22') in 0.0083765 seconds
Number of updated asset objects reloaded before import = 0Number of asset objects unloaded after import = 3

========================================================================
Received Import Request.
  Time since last request: 0.000017 seconds.
  path: Assets/Mapbox/Examples/Resources/maki/farm-15.png
  artifactKey: Guid(2991a81e7fd67224fabdcab9cb8290e1) Importer(815301076,1909f56bfc062723c751e8b465ee728b)
Start importing Assets/Mapbox/Examples/Resources/maki/farm-15.png using Guid(2991a81e7fd67224fabdcab9cb8290e1) Importer(815301076,1909f56bfc062723c751e8b465ee728b) (PreviewImporter) -> (artifact id: 'f81835f5803921bd50c8ed3a418c91d2') in 0.0087059 seconds
Number of updated asset objects reloaded before import = 0Number of asset objects unloaded after import = 3

========================================================================
Received Import Request.
  Time since last request: 0.000019 seconds.
  path: Assets/Mapbox/Examples/Resources/maki/doctor-15.png
  artifactKey: Guid(205e1b7165ed8fe459642908de62496e) Importer(815301076,1909f56bfc062723c751e8b465ee728b)
Start importing Assets/Mapbox/Examples/Resources/maki/doctor-15.png using Guid(205e1b7165ed8fe459642908de62496e) Importer(815301076,1909f56bfc062723c751e8b465ee728b) (PreviewImporter) -> (artifact id: 'bba0e8b2c34ee025f98fc07d173a0a56') in 0.0093362 seconds
Number of updated asset objects reloaded before import = 0Number of asset objects unloaded after import = 3

========================================================================
Received Import Request.
  Time since last request: 0.000031 seconds.
  path: Packages/com.simonoliver.unityfigma/Docs/FigmaPrototype.png
  artifactKey: Guid(469cf20810ad72742989761bb4e0f045) Importer(815301076,1909f56bfc062723c751e8b465ee728b)
Start importing Packages/com.simonoliver.unityfigma/Docs/FigmaPrototype.png using Guid(469cf20810ad72742989761bb4e0f045) Importer(815301076,1909f56bfc062723c751e8b465ee728b) (PreviewImporter) -> (artifact id: 'e61d465554dea01d35b62aa4c998794f') in 0.0139502 seconds
Number of updated asset objects reloaded before import = 0Number of asset objects unloaded after import = 3

========================================================================
Received Import Request.
  Time since last request: 0.000041 seconds.
  path: Assets/Mapbox/Examples/Resources/maki/embassy-15.png
  artifactKey: Guid(5836ba1dfecd1c94c9c38deb12e9860a) Importer(815301076,1909f56bfc062723c751e8b465ee728b)
Start importing Assets/Mapbox/Examples/Resources/maki/embassy-15.png using Guid(5836ba1dfecd1c94c9c38deb12e9860a) Importer(815301076,1909f56bfc062723c751e8b465ee728b) (PreviewImporter) -> (artifact id: '47654c66b23fb95a2bc365e2c2904e31') in 0.0104403 seconds
Number of updated asset objects reloaded before import = 0Number of asset objects unloaded after import = 3

========================================================================
Received Import Request.
  Time since last request: 0.093642 seconds.
  path: Assets/Mapbox/Examples/Resources/maki/commercial-15.png
  artifactKey: Guid(7f1f9d40832d0e349a4a04c4c59cc880) Importer(815301076,1909f56bfc062723c751e8b465ee728b)
Start importing Assets/Mapbox/Examples/Resources/maki/commercial-15.png using Guid(7f1f9d40832d0e349a4a04c4c59cc880) Importer(815301076,1909f56bfc062723c751e8b465ee728b) (PreviewImporter) -> (artifact id: '950b57b5c0ac5f3cbc53efee9ecd88ae') in 0.0080569 seconds
Number of updated asset objects reloaded before import = 0Number of asset objects unloaded after import = 3

========================================================================
Received Import Request.
  Time since last request: 0.000078 seconds.
  path: Assets/Mapbox/Examples/Resources/maki/cricket-15.png
  artifactKey: Guid(9e44961703e2ebe408e6fea710bdfdc1) Importer(815301076,1909f56bfc062723c751e8b465ee728b)
Start importing Assets/Mapbox/Examples/Resources/maki/cricket-15.png using Guid(9e44961703e2ebe408e6fea710bdfdc1) Importer(815301076,1909f56bfc062723c751e8b465ee728b) (PreviewImporter) -> (artifact id: 'f89d46c962d837c9d972b6c15fc1c646') in 0.0093018 seconds
Number of updated asset objects reloaded before import = 0Number of asset objects unloaded after import = 3

========================================================================
Received Import Request.
  Time since last request: 0.000056 seconds.
  path: Assets/Mapbox/Examples/Resources/maki/dam-15.png
  artifactKey: Guid(1804a37e31189fe44b20a093489333cd) Importer(815301076,1909f56bfc062723c751e8b465ee728b)
Start importing Assets/Mapbox/Examples/Resources/maki/dam-15.png using Guid(1804a37e31189fe44b20a093489333cd) Importer(815301076,1909f56bfc062723c751e8b465ee728b) (PreviewImporter) -> (artifact id: 'da5eb93fc0384de7e8d170c5c9993060') in 0.0111724 seconds
Number of updated asset objects reloaded before import = 0Number of asset objects unloaded after import = 3

========================================================================
Received Import Request.
  Time since last request: 0.000059 seconds.
  path: Assets/Mapbox/Textures/CornerPanelRadius_12px_Stroke_1px.png
  artifactKey: Guid(184ca10c8fb4d4c4b988276fd798c9dc) Importer(815301076,1909f56bfc062723c751e8b465ee728b)
Start importing Assets/Mapbox/Textures/CornerPanelRadius_12px_Stroke_1px.png using Guid(184ca10c8fb4d4c4b988276fd798c9dc) Importer(815301076,1909f56bfc062723c751e8b465ee728b) (PreviewImporter) -> (artifact id: '540af3233fead0072eb6701e7dbda2dc') in 0.0099867 seconds
Number of updated asset objects reloaded before import = 0Number of asset objects unloaded after import = 3

========================================================================
Received Import Request.
  Time since last request: 0.010226 seconds.
  path: Assets/Mapbox/Examples/Resources/maki/building-15.png
  artifactKey: Guid(c28cf76c7e16569499fe77e47467dff1) Importer(815301076,1909f56bfc062723c751e8b465ee728b)
Start importing Assets/Mapbox/Examples/Resources/maki/building-15.png using Guid(c28cf76c7e16569499fe77e47467dff1) Importer(815301076,1909f56bfc062723c751e8b465ee728b) (PreviewImporter) -> (artifact id: '51cf6c41bf67370ac855d2f9406eb8b6') in 0.0095426 seconds
Number of updated asset objects reloaded before import = 0Number of asset objects unloaded after import = 3

========================================================================
Received Import Request.
  Time since last request: 0.000063 seconds.
  path: Assets/Mapbox/Examples/Resources/maki/cinema-15.png
  artifactKey: Guid(4e50a743209c88d46aebeb2a8c761b86) Importer(815301076,1909f56bfc062723c751e8b465ee728b)
Start importing Assets/Mapbox/Examples/Resources/maki/cinema-15.png using Guid(4e50a743209c88d46aebeb2a8c761b86) Importer(815301076,1909f56bfc062723c751e8b465ee728b) (PreviewImporter) -> (artifact id: '44a66d1e949d236fc6e7a6f380bf408c') in 0.0088769 seconds
Number of updated asset objects reloaded before import = 0Number of asset objects unloaded after import = 3

========================================================================
Received Import Request.
  Time since last request: 0.000072 seconds.
  path: Assets/Mapbox/Examples/Resources/maki/circle-15.png
  artifactKey: Guid(a12c5f54f09a83e45b37a96ba4f56042) Importer(815301076,1909f56bfc062723c751e8b465ee728b)
Start importing Assets/Mapbox/Examples/Resources/maki/circle-15.png using Guid(a12c5f54f09a83e45b37a96ba4f56042) Importer(815301076,1909f56bfc062723c751e8b465ee728b) (PreviewImporter) -> (artifact id: 'b0461fb5625cf2eafa385fe6ceca12a6') in 0.0084822 seconds
Number of updated asset objects reloaded before import = 0Number of asset objects unloaded after import = 3

========================================================================
Received Import Request.
  Time since last request: 0.000025 seconds.
  path: Assets/Mapbox/Examples/Textures/CircleSmall_Fill.png
  artifactKey: Guid(f04f7faa5cfd8444a9b61e426135725f) Importer(815301076,1909f56bfc062723c751e8b465ee728b)
Start importing Assets/Mapbox/Examples/Textures/CircleSmall_Fill.png using Guid(f04f7faa5cfd8444a9b61e426135725f) Importer(815301076,1909f56bfc062723c751e8b465ee728b) (PreviewImporter) -> (artifact id: '698250cd29f6958006fb6f31f7247db3') in 0.010436 seconds
Number of updated asset objects reloaded before import = 0Number of asset objects unloaded after import = 3

========================================================================
Received Import Request.
  Time since last request: 0.000020 seconds.
  path: Assets/Mapbox/Examples/Resources/maki/clothing-store-15.png
  artifactKey: Guid(44aa0e542e870c0428f769ff6a66d886) Importer(815301076,1909f56bfc062723c751e8b465ee728b)
Start importing Assets/Mapbox/Examples/Resources/maki/clothing-store-15.png using Guid(44aa0e542e870c0428f769ff6a66d886) Importer(815301076,1909f56bfc062723c751e8b465ee728b) (PreviewImporter) -> (artifact id: 'd9b342916d6d5b7fb04e40d42f37b1b2') in 0.0083032 seconds
Number of updated asset objects reloaded before import = 0Number of asset objects unloaded after import = 3

========================================================================
Received Import Request.
  Time since last request: 0.000019 seconds.
  path: Assets/Mapbox/Examples/Resources/maki/castle-15.png
  artifactKey: Guid(497d7ff58b11fdc4980f85c156fe948f) Importer(815301076,1909f56bfc062723c751e8b465ee728b)
Start importing Assets/Mapbox/Examples/Resources/maki/castle-15.png using Guid(497d7ff58b11fdc4980f85c156fe948f) Importer(815301076,1909f56bfc062723c751e8b465ee728b) (PreviewImporter) -> (artifact id: '7284202d522fe91abf876f8976ae118e') in 0.0104004 seconds
Number of updated asset objects reloaded before import = 0Number of asset objects unloaded after import = 3

========================================================================
Received Import Request.
  Time since last request: 0.000017 seconds.
  path: Assets/Mapbox/Examples/Resources/maki/campsite-15.png
  artifactKey: Guid(39eb1f9f985f3ee4986ae5ca5e7f041d) Importer(815301076,1909f56bfc062723c751e8b465ee728b)
Start importing Assets/Mapbox/Examples/Resources/maki/campsite-15.png using Guid(39eb1f9f985f3ee4986ae5ca5e7f041d) Importer(815301076,1909f56bfc062723c751e8b465ee728b) (PreviewImporter) -> (artifact id: 'c5b53285fd4d4c243e1bd14dbefb5e97') in 0.010808 seconds
Number of updated asset objects reloaded before import = 0Number of asset objects unloaded after import = 3

========================================================================
Received Import Request.
  Time since last request: 0.000040 seconds.
  path: Packages/com.simonoliver.unityfigma/Docs/ButtonPressBinding.png
  artifactKey: Guid(c243d291cf454a5408947addb652ca9f) Importer(815301076,1909f56bfc062723c751e8b465ee728b)
Start importing Packages/com.simonoliver.unityfigma/Docs/ButtonPressBinding.png using Guid(c243d291cf454a5408947addb652ca9f) Importer(815301076,1909f56bfc062723c751e8b465ee728b) (PreviewImporter) -> (artifact id: '19d544a2e77e1e414186a722745a9bf3') in 0.0151253 seconds
Number of updated asset objects reloaded before import = 0Number of asset objects unloaded after import = 3

========================================================================
Received Import Request.
  Time since last request: 0.077460 seconds.
  path: Assets/Mapbox/Examples/Resources/maki/baseball-15.png
  artifactKey: Guid(aedd248742c9f294eb06125e77817be0) Importer(815301076,1909f56bfc062723c751e8b465ee728b)
Start importing Assets/Mapbox/Examples/Resources/maki/baseball-15.png using Guid(aedd248742c9f294eb06125e77817be0) Importer(815301076,1909f56bfc062723c751e8b465ee728b) (PreviewImporter) -> (artifact id: '19a7ed862bf62e69c1a7f6d47652bec6') in 0.0106415 seconds
Number of updated asset objects reloaded before import = 0Number of asset objects unloaded after import = 3

========================================================================
Received Import Request.
  Time since last request: 0.000021 seconds.
  path: Assets/Mapbox/Examples/Resources/maki/basketball-15.png
  artifactKey: Guid(77a2d2418bf827047ad47c68ba57da00) Importer(815301076,1909f56bfc062723c751e8b465ee728b)
Start importing Assets/Mapbox/Examples/Resources/maki/basketball-15.png using Guid(77a2d2418bf827047ad47c68ba57da00) Importer(815301076,1909f56bfc062723c751e8b465ee728b) (PreviewImporter) -> (artifact id: '8383bd16e005f3658e7c5485454968f1') in 0.0125968 seconds
Number of updated asset objects reloaded before import = 0Number of asset objects unloaded after import = 3

========================================================================
Received Import Request.
  Time since last request: 0.000026 seconds.
  path: Assets/Mapbox/Examples/Resources/maki/blood-bank-15.png
  artifactKey: Guid(c75ddf6109f45f04bbf89b9eced20efd) Importer(815301076,1909f56bfc062723c751e8b465ee728b)
Start importing Assets/Mapbox/Examples/Resources/maki/blood-bank-15.png using Guid(c75ddf6109f45f04bbf89b9eced20efd) Importer(815301076,1909f56bfc062723c751e8b465ee728b) (PreviewImporter) -> (artifact id: '673c9957c2452693eb8d897aae1a3129') in 0.011229 seconds
Number of updated asset objects reloaded before import = 0Number of asset objects unloaded after import = 3

========================================================================
Received Import Request.
  Time since last request: 0.028042 seconds.
  path: Assets/Mapbox/Examples/Resources/maki/aerialway-15.png
  artifactKey: Guid(c80c2e2443adb6d478363a64f4adfb6e) Importer(815301076,1909f56bfc062723c751e8b465ee728b)
Start importing Assets/Mapbox/Examples/Resources/maki/aerialway-15.png using Guid(c80c2e2443adb6d478363a64f4adfb6e) Importer(815301076,1909f56bfc062723c751e8b465ee728b) (PreviewImporter) -> (artifact id: 'c9fa9a1babe8dcaa05df04bb1d6faf34') in 0.0088447 seconds
Number of updated asset objects reloaded before import = 0Number of asset objects unloaded after import = 3

========================================================================
Received Import Request.
  Time since last request: 0.000018 seconds.
  path: Assets/Mapbox/Examples/Resources/maki/alcohol-shop-15.png
  artifactKey: Guid(df4b49bce9c77c44b95674e6c1249cfb) Importer(815301076,1909f56bfc062723c751e8b465ee728b)
Start importing Assets/Mapbox/Examples/Resources/maki/alcohol-shop-15.png using Guid(df4b49bce9c77c44b95674e6c1249cfb) Importer(815301076,1909f56bfc062723c751e8b465ee728b) (PreviewImporter) -> (artifact id: 'ce375195cc5d243f2ee7370c252f55e3') in 0.0075146 seconds
Number of updated asset objects reloaded before import = 0Number of asset objects unloaded after import = 3

========================================================================
Received Import Request.
  Time since last request: 0.000023 seconds.
  path: Assets/Mapbox/Examples/2_AstronautGame/ScreenShots/AstronautGame.png
  artifactKey: Guid(260f5f572e80f479bbfb37b17a01ae03) Importer(815301076,1909f56bfc062723c751e8b465ee728b)
Start importing Assets/Mapbox/Examples/2_AstronautGame/ScreenShots/AstronautGame.png using Guid(260f5f572e80f479bbfb37b17a01ae03) Importer(815301076,1909f56bfc062723c751e8b465ee728b) (PreviewImporter) -> (artifact id: 'd6f33bddac51d026bf8328f8d8e22534') in 0.0100782 seconds
Number of updated asset objects reloaded before import = 0Number of asset objects unloaded after import = 3

========================================================================
Received Import Request.
  Time since last request: 0.000038 seconds.
  path: Assets/Mapbox/Examples/Resources/maki/america-football-15.png
  artifactKey: Guid(0ab7e81663cf1d94e9bd71c89d6f82d3) Importer(815301076,1909f56bfc062723c751e8b465ee728b)
Start importing Assets/Mapbox/Examples/Resources/maki/america-football-15.png using Guid(0ab7e81663cf1d94e9bd71c89d6f82d3) Importer(815301076,1909f56bfc062723c751e8b465ee728b) (PreviewImporter) -> (artifact id: '5224b1565bc5242071e980c028d61788') in 0.0093372 seconds
Number of updated asset objects reloaded before import = 0Number of asset objects unloaded after import = 3

========================================================================
Received Import Request.
  Time since last request: 0.000025 seconds.
  path: Assets/Mapbox/Examples/Resources/maki/attraction-15.png
  artifactKey: Guid(022e18d3996572049b374cb59e79ee14) Importer(815301076,1909f56bfc062723c751e8b465ee728b)
Start importing Assets/Mapbox/Examples/Resources/maki/attraction-15.png using Guid(022e18d3996572049b374cb59e79ee14) Importer(815301076,1909f56bfc062723c751e8b465ee728b) (PreviewImporter) -> (artifact id: 'c754058f3b4c82b22c1ae571533ff269') in 0.0096201 seconds
Number of updated asset objects reloaded before import = 0Number of asset objects unloaded after import = 3

========================================================================
Received Import Request.
  Time since last request: 0.000020 seconds.
  path: Assets/Mapbox/Examples/Resources/maki/bakery-15.png
  artifactKey: Guid(6410ee84909c52546be3dece81113978) Importer(815301076,1909f56bfc062723c751e8b465ee728b)
Start importing Assets/Mapbox/Examples/Resources/maki/bakery-15.png using Guid(6410ee84909c52546be3dece81113978) Importer(815301076,1909f56bfc062723c751e8b465ee728b) (PreviewImporter) -> (artifact id: '606151d8e5c660bd58045ffb1d13a123') in 0.0096108 seconds
Number of updated asset objects reloaded before import = 0Number of asset objects unloaded after import = 3

========================================================================
Received Import Request.
  Time since last request: 0.000046 seconds.
  path: Assets/Mapbox/Examples/Resources/maki/bank-15.png
  artifactKey: Guid(c4c5f05da0835fd4e80a9175d80435a0) Importer(815301076,1909f56bfc062723c751e8b465ee728b)
Start importing Assets/Mapbox/Examples/Resources/maki/bank-15.png using Guid(c4c5f05da0835fd4e80a9175d80435a0) Importer(815301076,1909f56bfc062723c751e8b465ee728b) (PreviewImporter) -> (artifact id: 'f0c0aed6e89a9fd197064bcae873d761') in 0.0086798 seconds
Number of updated asset objects reloaded before import = 0Number of asset objects unloaded after import = 3

========================================================================
Received Prepare
Assembly reference Packages/com.unity.cinemachine/Editor/Samples/ExposeHDRPInternals/HDRP-Editor-ref.asmref has no target assembly definition
Assembly reference Packages/com.unity.cinemachine/Editor/Samples/ExposeHDRPInternals/HDRP-Editor-ref.asmref has no target assembly definition
Begin MonoManager ReloadAssembly
Symbol file LoadedFromMemory is not a mono symbol file
Symbol file LoadedFromMemory is not a mono symbol file
Symbol file LoadedFromMemory is not a mono symbol file
- Loaded All Assemblies, in  0.574 seconds
Assembly reference Packages/com.unity.cinemachine/Editor/Samples/ExposeHDRPInternals/HDRP-Editor-ref.asmref has no target assembly definition
'Packages/com.unity.cinemachine/Editor/Obsolete/CinemachineVirtualCameraBaseEditor.cs' contains partial class of Unity.Object, exactly 1 of the partial classes needs to be in a file with the same filename. This is to know the one that can be referenced from ie. GameObjects
'Packages/com.unity.cinemachine/Editor/Editors/CinemachineVirtualCameraBaseEditor.cs' contains partial class of Unity.Object, exactly 1 of the partial classes needs to be in a file with the same filename. This is to know the one that can be referenced from ie. GameObjects
Refreshing native plugins compatible for Editor in 3.37 ms, found 4 plugins.
Native extension for iOS target not found
Native extension for Android target not found
Native extension for WindowsStandalone target not found
Assembly reference Packages/com.unity.cinemachine/Editor/Samples/ExposeHDRPInternals/HDRP-Editor-ref.asmref has no target assembly definition
[Package Manager] Failed to launch server process. Reason: Unity was launched with the -noUpm command-line argument
[Package Manager] Unable to send message (not connected to server process).
[Package Manager] Cannot connect to Unity Package Manager local server
Mono: successfully reloaded assembly
- Finished resetting the current domain, in  0.430 seconds
Domain Reload Profiling: 1002ms
	BeginReloadAssembly (155ms)
		ExecutionOrderSort (0ms)
		DisableScriptedObjects (4ms)
		BackupInstance (0ms)
		ReleaseScriptingObjects (0ms)
		CreateAndSetChildDomain (37ms)
	RebuildCommonClasses (32ms)
	RebuildNativeTypeToScriptingClass (9ms)
	initialDomainReloadingComplete (24ms)
	LoadAllAssembliesAndSetupDomain (353ms)
		LoadAssemblies (289ms)
		RebuildTransferFunctionScriptingTraits (0ms)
		AnalyzeDomain (143ms)
			TypeCache.Refresh (6ms)
				TypeCache.ScanAssembly (0ms)
			BuildScriptInfoCaches (123ms)
			ResolveRequiredComponents (10ms)
	FinalizeReload (430ms)
		ReleaseScriptCaches (0ms)
		RebuildScriptCaches (0ms)
		SetupLoadedEditorAssemblies (341ms)
			LogAssemblyErrors (0ms)
			InitializePlatformSupportModulesInManaged (12ms)
			SetLoadedEditorAssemblies (3ms)
			BeforeProcessingInitializeOnLoad (68ms)
			ProcessInitializeOnLoadAttributes (234ms)
			ProcessInitializeOnLoadMethodAttributes (19ms)
			AfterProcessingInitializeOnLoad (5ms)
			EditorAssembliesLoaded (0ms)
		ExecutionOrderSort2 (0ms)
		AwakeInstancesAfterBackupRestoration (5ms)
Refreshing native plugins compatible for Editor in 3.87 ms, found 4 plugins.
Preloading 0 native plugins for Editor in 0.00 ms.
Unloading 1 Unused Serialized files (Serialized files now loaded: 0)
Unloading 4859 unused Assets / (1.5 MB). Loaded Objects now: 5366.
Memory consumption went from 97.9 MB to 96.4 MB.
Total: 6.996500 ms (FindLiveObjects: 0.412300 ms CreateObjectMapping: 0.290400 ms MarkObjects: 4.746200 ms  DeleteObjects: 1.544600 ms)

Prepare: number of updated asset objects reloaded= 0
========================================================================
Received Prepare
Assembly reference Packages/com.unity.cinemachine/Editor/Samples/ExposeHDRPInternals/HDRP-Editor-ref.asmref has no target assembly definition
Assembly reference Packages/com.unity.cinemachine/Editor/Samples/ExposeHDRPInternals/HDRP-Editor-ref.asmref has no target assembly definition
Begin MonoManager ReloadAssembly
Symbol file LoadedFromMemory is not a mono symbol file
Symbol file LoadedFromMemory is not a mono symbol file
Symbol file LoadedFromMemory is not a mono symbol file
- Loaded All Assemblies, in  0.540 seconds
Assembly reference Packages/com.unity.cinemachine/Editor/Samples/ExposeHDRPInternals/HDRP-Editor-ref.asmref has no target assembly definition
'Packages/com.unity.cinemachine/Editor/Obsolete/CinemachineVirtualCameraBaseEditor.cs' contains partial class of Unity.Object, exactly 1 of the partial classes needs to be in a file with the same filename. This is to know the one that can be referenced from ie. GameObjects
'Packages/com.unity.cinemachine/Editor/Editors/CinemachineVirtualCameraBaseEditor.cs' contains partial class of Unity.Object, exactly 1 of the partial classes needs to be in a file with the same filename. This is to know the one that can be referenced from ie. GameObjects
Refreshing native plugins compatible for Editor in 3.55 ms, found 4 plugins.
Native extension for iOS target not found
Native extension for Android target not found
Native extension for WindowsStandalone target not found
Assembly reference Packages/com.unity.cinemachine/Editor/Samples/ExposeHDRPInternals/HDRP-Editor-ref.asmref has no target assembly definition
[Package Manager] Failed to launch server process. Reason: Unity was launched with the -noUpm command-line argument
[Package Manager] Unable to send message (not connected to server process).
[Package Manager] Cannot connect to Unity Package Manager local server
Mono: successfully reloaded assembly
- Finished resetting the current domain, in  0.455 seconds
Domain Reload Profiling: 994ms
	BeginReloadAssembly (150ms)
		ExecutionOrderSort (0ms)
		DisableScriptedObjects (6ms)
		BackupInstance (0ms)
		ReleaseScriptingObjects (0ms)
		CreateAndSetChildDomain (32ms)
	RebuildCommonClasses (26ms)
	RebuildNativeTypeToScriptingClass (9ms)
	initialDomainReloadingComplete (24ms)
	LoadAllAssembliesAndSetupDomain (329ms)
		LoadAssemblies (277ms)
		RebuildTransferFunctionScriptingTraits (0ms)
		AnalyzeDomain (131ms)
			TypeCache.Refresh (6ms)
				TypeCache.ScanAssembly (0ms)
			BuildScriptInfoCaches (117ms)
			ResolveRequiredComponents (5ms)
	FinalizeReload (456ms)
		ReleaseScriptCaches (0ms)
		RebuildScriptCaches (0ms)
		SetupLoadedEditorAssemblies (358ms)
			LogAssemblyErrors (0ms)
			InitializePlatformSupportModulesInManaged (13ms)
			SetLoadedEditorAssemblies (2ms)
			BeforeProcessingInitializeOnLoad (67ms)
			ProcessInitializeOnLoadAttributes (255ms)
			ProcessInitializeOnLoadMethodAttributes (17ms)
			AfterProcessingInitializeOnLoad (4ms)
			EditorAssembliesLoaded (0ms)
		ExecutionOrderSort2 (0ms)
		AwakeInstancesAfterBackupRestoration (5ms)
Refreshing native plugins compatible for Editor in 5.29 ms, found 4 plugins.
Preloading 0 native plugins for Editor in 0.00 ms.
Unloading 1 Unused Serialized files (Serialized files now loaded: 0)
Unloading 4859 unused Assets / (1.4 MB). Loaded Objects now: 5366.
Memory consumption went from 97.9 MB to 96.5 MB.
Total: 29.767800 ms (FindLiveObjects: 0.428100 ms CreateObjectMapping: 0.485700 ms MarkObjects: 27.416900 ms  DeleteObjects: 1.435500 ms)

Prepare: number of updated asset objects reloaded= 0
========================================================================
Received Prepare
Assembly reference Packages/com.unity.cinemachine/Editor/Samples/ExposeHDRPInternals/HDRP-Editor-ref.asmref has no target assembly definition
Assembly reference Packages/com.unity.cinemachine/Editor/Samples/ExposeHDRPInternals/HDRP-Editor-ref.asmref has no target assembly definition
Begin MonoManager ReloadAssembly
Symbol file LoadedFromMemory is not a mono symbol file
Symbol file LoadedFromMemory is not a mono symbol file
Symbol file LoadedFromMemory is not a mono symbol file
- Loaded All Assemblies, in  0.548 seconds
Assembly reference Packages/com.unity.cinemachine/Editor/Samples/ExposeHDRPInternals/HDRP-Editor-ref.asmref has no target assembly definition
'Packages/com.unity.cinemachine/Editor/Obsolete/CinemachineVirtualCameraBaseEditor.cs' contains partial class of Unity.Object, exactly 1 of the partial classes needs to be in a file with the same filename. This is to know the one that can be referenced from ie. GameObjects
'Packages/com.unity.cinemachine/Editor/Editors/CinemachineVirtualCameraBaseEditor.cs' contains partial class of Unity.Object, exactly 1 of the partial classes needs to be in a file with the same filename. This is to know the one that can be referenced from ie. GameObjects
Refreshing native plugins compatible for Editor in 4.06 ms, found 4 plugins.
Native extension for iOS target not found
Native extension for Android target not found
Native extension for WindowsStandalone target not found
Assembly reference Packages/com.unity.cinemachine/Editor/Samples/ExposeHDRPInternals/HDRP-Editor-ref.asmref has no target assembly definition
[Package Manager] Failed to launch server process. Reason: Unity was launched with the -noUpm command-line argument
[Package Manager] Unable to send message (not connected to server process).
[Package Manager] Cannot connect to Unity Package Manager local server
Mono: successfully reloaded assembly
- Finished resetting the current domain, in  0.439 seconds
Domain Reload Profiling: 986ms
	BeginReloadAssembly (146ms)
		ExecutionOrderSort (0ms)
		DisableScriptedObjects (3ms)
		BackupInstance (0ms)
		ReleaseScriptingObjects (0ms)
		CreateAndSetChildDomain (31ms)
	RebuildCommonClasses (27ms)
	RebuildNativeTypeToScriptingClass (9ms)
	initialDomainReloadingComplete (24ms)
	LoadAllAssembliesAndSetupDomain (340ms)
		LoadAssemblies (291ms)
		RebuildTransferFunctionScriptingTraits (0ms)
		AnalyzeDomain (129ms)
			TypeCache.Refresh (6ms)
				TypeCache.ScanAssembly (0ms)
			BuildScriptInfoCaches (114ms)
			ResolveRequiredComponents (7ms)
	FinalizeReload (440ms)
		ReleaseScriptCaches (0ms)
		RebuildScriptCaches (0ms)
		SetupLoadedEditorAssemblies (341ms)
			LogAssemblyErrors (0ms)
			InitializePlatformSupportModulesInManaged (14ms)
			SetLoadedEditorAssemblies (2ms)
			BeforeProcessingInitializeOnLoad (62ms)
			ProcessInitializeOnLoadAttributes (239ms)
			ProcessInitializeOnLoadMethodAttributes (18ms)
			AfterProcessingInitializeOnLoad (5ms)
			EditorAssembliesLoaded (0ms)
		ExecutionOrderSort2 (0ms)
		AwakeInstancesAfterBackupRestoration (5ms)
Refreshing native plugins compatible for Editor in 13.42 ms, found 4 plugins.
Preloading 0 native plugins for Editor in 0.00 ms.
Unloading 1 Unused Serialized files (Serialized files now loaded: 0)
Unloading 4859 unused Assets / (1.6 MB). Loaded Objects now: 5366.
Memory consumption went from 97.8 MB to 96.2 MB.
Total: 27.589700 ms (FindLiveObjects: 0.488900 ms CreateObjectMapping: 1.195600 ms MarkObjects: 24.249900 ms  DeleteObjects: 1.653300 ms)

Prepare: number of updated asset objects reloaded= 0
========================================================================
Received Prepare
Assembly reference Packages/com.unity.cinemachine/Editor/Samples/ExposeHDRPInternals/HDRP-Editor-ref.asmref has no target assembly definition
Assembly reference Packages/com.unity.cinemachine/Editor/Samples/ExposeHDRPInternals/HDRP-Editor-ref.asmref has no target assembly definition
Begin MonoManager ReloadAssembly
Symbol file LoadedFromMemory is not a mono symbol file
Symbol file LoadedFromMemory is not a mono symbol file
Symbol file LoadedFromMemory is not a mono symbol file
- Loaded All Assemblies, in  0.557 seconds
Assembly reference Packages/com.unity.cinemachine/Editor/Samples/ExposeHDRPInternals/HDRP-Editor-ref.asmref has no target assembly definition
'Packages/com.unity.cinemachine/Editor/Obsolete/CinemachineVirtualCameraBaseEditor.cs' contains partial class of Unity.Object, exactly 1 of the partial classes needs to be in a file with the same filename. This is to know the one that can be referenced from ie. GameObjects
'Packages/com.unity.cinemachine/Editor/Editors/CinemachineVirtualCameraBaseEditor.cs' contains partial class of Unity.Object, exactly 1 of the partial classes needs to be in a file with the same filename. This is to know the one that can be referenced from ie. GameObjects
Refreshing native plugins compatible for Editor in 3.62 ms, found 4 plugins.
Native extension for iOS target not found
Native extension for Android target not found
Native extension for WindowsStandalone target not found
Assembly reference Packages/com.unity.cinemachine/Editor/Samples/ExposeHDRPInternals/HDRP-Editor-ref.asmref has no target assembly definition
[Package Manager] Failed to launch server process. Reason: Unity was launched with the -noUpm command-line argument
[Package Manager] Unable to send message (not connected to server process).
[Package Manager] Cannot connect to Unity Package Manager local server
Mono: successfully reloaded assembly
- Finished resetting the current domain, in  0.456 seconds
Domain Reload Profiling: 1012ms
	BeginReloadAssembly (152ms)
		ExecutionOrderSort (0ms)
		DisableScriptedObjects (4ms)
		BackupInstance (0ms)
		ReleaseScriptingObjects (0ms)
		CreateAndSetChildDomain (34ms)
	RebuildCommonClasses (27ms)
	RebuildNativeTypeToScriptingClass (9ms)
	initialDomainReloadingComplete (23ms)
	LoadAllAssembliesAndSetupDomain (344ms)
		LoadAssemblies (291ms)
		RebuildTransferFunctionScriptingTraits (0ms)
		AnalyzeDomain (134ms)
			TypeCache.Refresh (6ms)
				TypeCache.ScanAssembly (0ms)
			BuildScriptInfoCaches (117ms)
			ResolveRequiredComponents (7ms)
	FinalizeReload (457ms)
		ReleaseScriptCaches (0ms)
		RebuildScriptCaches (0ms)
		SetupLoadedEditorAssemblies (367ms)
			LogAssemblyErrors (0ms)
			InitializePlatformSupportModulesInManaged (13ms)
			SetLoadedEditorAssemblies (2ms)
			BeforeProcessingInitializeOnLoad (66ms)
			ProcessInitializeOnLoadAttributes (261ms)
			ProcessInitializeOnLoadMethodAttributes (20ms)
			AfterProcessingInitializeOnLoad (4ms)
			EditorAssembliesLoaded (0ms)
		ExecutionOrderSort2 (0ms)
		AwakeInstancesAfterBackupRestoration (4ms)
Refreshing native plugins compatible for Editor in 5.50 ms, found 4 plugins.
Preloading 0 native plugins for Editor in 0.00 ms.
Unloading 1 Unused Serialized files (Serialized files now loaded: 0)
Unloading 4859 unused Assets / (3.5 MB). Loaded Objects now: 5366.
Memory consumption went from 97.9 MB to 94.4 MB.
Total: 12.278300 ms (FindLiveObjects: 0.495400 ms CreateObjectMapping: 0.586800 ms MarkObjects: 5.393900 ms  DeleteObjects: 5.800200 ms)

Prepare: number of updated asset objects reloaded= 0
========================================================================
Received Prepare
Assembly reference Packages/com.unity.cinemachine/Editor/Samples/ExposeHDRPInternals/HDRP-Editor-ref.asmref has no target assembly definition
Assembly reference Packages/com.unity.cinemachine/Editor/Samples/ExposeHDRPInternals/HDRP-Editor-ref.asmref has no target assembly definition
Begin MonoManager ReloadAssembly
Symbol file LoadedFromMemory is not a mono symbol file
Symbol file LoadedFromMemory is not a mono symbol file
Symbol file LoadedFromMemory is not a mono symbol file
- Loaded All Assemblies, in  0.563 seconds
Assembly reference Packages/com.unity.cinemachine/Editor/Samples/ExposeHDRPInternals/HDRP-Editor-ref.asmref has no target assembly definition
'Packages/com.unity.cinemachine/Editor/Obsolete/CinemachineVirtualCameraBaseEditor.cs' contains partial class of Unity.Object, exactly 1 of the partial classes needs to be in a file with the same filename. This is to know the one that can be referenced from ie. GameObjects
'Packages/com.unity.cinemachine/Editor/Editors/CinemachineVirtualCameraBaseEditor.cs' contains partial class of Unity.Object, exactly 1 of the partial classes needs to be in a file with the same filename. This is to know the one that can be referenced from ie. GameObjects
Refreshing native plugins compatible for Editor in 4.75 ms, found 4 plugins.
Native extension for iOS target not found
Native extension for Android target not found
Native extension for WindowsStandalone target not found
Assembly reference Packages/com.unity.cinemachine/Editor/Samples/ExposeHDRPInternals/HDRP-Editor-ref.asmref has no target assembly definition
[Package Manager] Failed to launch server process. Reason: Unity was launched with the -noUpm command-line argument
[Package Manager] Unable to send message (not connected to server process).
[Package Manager] Cannot connect to Unity Package Manager local server
Mono: successfully reloaded assembly
- Finished resetting the current domain, in  0.487 seconds
Domain Reload Profiling: 1049ms
	BeginReloadAssembly (156ms)
		ExecutionOrderSort (0ms)
		DisableScriptedObjects (5ms)
		BackupInstance (0ms)
		ReleaseScriptingObjects (0ms)
		CreateAndSetChildDomain (32ms)
	RebuildCommonClasses (27ms)
	RebuildNativeTypeToScriptingClass (9ms)
	initialDomainReloadingComplete (26ms)
	LoadAllAssembliesAndSetupDomain (343ms)
		LoadAssemblies (293ms)
		RebuildTransferFunctionScriptingTraits (0ms)
		AnalyzeDomain (130ms)
			TypeCache.Refresh (6ms)
				TypeCache.ScanAssembly (0ms)
			BuildScriptInfoCaches (115ms)
			ResolveRequiredComponents (6ms)
	FinalizeReload (487ms)
		ReleaseScriptCaches (0ms)
		RebuildScriptCaches (0ms)
		SetupLoadedEditorAssemblies (379ms)
			LogAssemblyErrors (0ms)
			InitializePlatformSupportModulesInManaged (15ms)
			SetLoadedEditorAssemblies (2ms)
			BeforeProcessingInitializeOnLoad (73ms)
			ProcessInitializeOnLoadAttributes (263ms)
			ProcessInitializeOnLoadMethodAttributes (20ms)
			AfterProcessingInitializeOnLoad (6ms)
			EditorAssembliesLoaded (0ms)
		ExecutionOrderSort2 (0ms)
		AwakeInstancesAfterBackupRestoration (8ms)
Refreshing native plugins compatible for Editor in 4.67 ms, found 4 plugins.
Preloading 0 native plugins for Editor in 0.00 ms.
Unloading 1 Unused Serialized files (Serialized files now loaded: 0)
Unloading 4859 unused Assets / (1.3 MB). Loaded Objects now: 5366.
Memory consumption went from 97.9 MB to 96.6 MB.
Total: 7.621800 ms (FindLiveObjects: 0.461500 ms CreateObjectMapping: 0.510400 ms MarkObjects: 5.271500 ms  DeleteObjects: 1.376400 ms)

Prepare: number of updated asset objects reloaded= 0
========================================================================
Received Import Request.
  Time since last request: 1316.123285 seconds.
  path: Assets/Figma/Fonts/Play_700_SDF.asset
  artifactKey: Guid(17f89643bfd7b9848a7d386d919a819c) Importer(815301076,1909f56bfc062723c751e8b465ee728b)
Start importing Assets/Figma/Fonts/Play_700_SDF.asset using Guid(17f89643bfd7b9848a7d386d919a819c) Importer(815301076,1909f56bfc062723c751e8b465ee728b) (PreviewImporter) -> (artifact id: '3f7cb72869a27f292adf36926c46e0d3') in 0.105405 seconds
Number of updated asset objects reloaded before import = 0Number of asset objects unloaded after import = 6

========================================================================
Received Prepare
Assembly reference Packages/com.unity.cinemachine/Editor/Samples/ExposeHDRPInternals/HDRP-Editor-ref.asmref has no target assembly definition
Assembly reference Packages/com.unity.cinemachine/Editor/Samples/ExposeHDRPInternals/HDRP-Editor-ref.asmref has no target assembly definition
Begin MonoManager ReloadAssembly
Symbol file LoadedFromMemory is not a mono symbol file
Symbol file LoadedFromMemory is not a mono symbol file
Symbol file LoadedFromMemory is not a mono symbol file
- Loaded All Assemblies, in  0.693 seconds
Assembly reference Packages/com.unity.cinemachine/Editor/Samples/ExposeHDRPInternals/HDRP-Editor-ref.asmref has no target assembly definition
'Packages/com.unity.cinemachine/Editor/Obsolete/CinemachineVirtualCameraBaseEditor.cs' contains partial class of Unity.Object, exactly 1 of the partial classes needs to be in a file with the same filename. This is to know the one that can be referenced from ie. GameObjects
'Packages/com.unity.cinemachine/Editor/Editors/CinemachineVirtualCameraBaseEditor.cs' contains partial class of Unity.Object, exactly 1 of the partial classes needs to be in a file with the same filename. This is to know the one that can be referenced from ie. GameObjects
Refreshing native plugins compatible for Editor in 3.51 ms, found 4 plugins.
Native extension for iOS target not found
Native extension for Android target not found
Native extension for WindowsStandalone target not found
Assembly reference Packages/com.unity.cinemachine/Editor/Samples/ExposeHDRPInternals/HDRP-Editor-ref.asmref has no target assembly definition
[Package Manager] Failed to launch server process. Reason: Unity was launched with the -noUpm command-line argument
[Package Manager] Unable to send message (not connected to server process).
[Package Manager] Cannot connect to Unity Package Manager local server
Mono: successfully reloaded assembly
- Finished resetting the current domain, in  0.422 seconds
Domain Reload Profiling: 1115ms
	BeginReloadAssembly (301ms)
		ExecutionOrderSort (0ms)
		DisableScriptedObjects (6ms)
		BackupInstance (0ms)
		ReleaseScriptingObjects (0ms)
		CreateAndSetChildDomain (78ms)
	RebuildCommonClasses (28ms)
	RebuildNativeTypeToScriptingClass (9ms)
	initialDomainReloadingComplete (23ms)
	LoadAllAssembliesAndSetupDomain (332ms)
		LoadAssemblies (386ms)
		RebuildTransferFunctionScriptingTraits (0ms)
		AnalyzeDomain (128ms)
			TypeCache.Refresh (6ms)
				TypeCache.ScanAssembly (0ms)
			BuildScriptInfoCaches (114ms)
			ResolveRequiredComponents (5ms)
	FinalizeReload (423ms)
		ReleaseScriptCaches (0ms)
		RebuildScriptCaches (0ms)
		SetupLoadedEditorAssemblies (333ms)
			LogAssemblyErrors (0ms)
			InitializePlatformSupportModulesInManaged (14ms)
			SetLoadedEditorAssemblies (3ms)
			BeforeProcessingInitializeOnLoad (67ms)
			ProcessInitializeOnLoadAttributes (227ms)
			ProcessInitializeOnLoadMethodAttributes (17ms)
			AfterProcessingInitializeOnLoad (4ms)
			EditorAssembliesLoaded (0ms)
		ExecutionOrderSort2 (0ms)
		AwakeInstancesAfterBackupRestoration (5ms)
Refreshing native plugins compatible for Editor in 6.48 ms, found 4 plugins.
Preloading 0 native plugins for Editor in 0.00 ms.
Unloading 1 Unused Serialized files (Serialized files now loaded: 0)
Unloading 4859 unused Assets / (1.6 MB). Loaded Objects now: 5407.
Memory consumption went from 98.3 MB to 96.6 MB.
Total: 8.357700 ms (FindLiveObjects: 0.637800 ms CreateObjectMapping: 0.636700 ms MarkObjects: 5.312000 ms  DeleteObjects: 1.769100 ms)

Prepare: number of updated asset objects reloaded= 0
========================================================================
Received Prepare
Assembly reference Packages/com.unity.cinemachine/Editor/Samples/ExposeHDRPInternals/HDRP-Editor-ref.asmref has no target assembly definition
Assembly reference Packages/com.unity.cinemachine/Editor/Samples/ExposeHDRPInternals/HDRP-Editor-ref.asmref has no target assembly definition
Begin MonoManager ReloadAssembly
Symbol file LoadedFromMemory is not a mono symbol file
Symbol file LoadedFromMemory is not a mono symbol file
Symbol file LoadedFromMemory is not a mono symbol file
- Loaded All Assemblies, in  0.544 seconds
Assembly reference Packages/com.unity.cinemachine/Editor/Samples/ExposeHDRPInternals/HDRP-Editor-ref.asmref has no target assembly definition
'Packages/com.unity.cinemachine/Editor/Obsolete/CinemachineVirtualCameraBaseEditor.cs' contains partial class of Unity.Object, exactly 1 of the partial classes needs to be in a file with the same filename. This is to know the one that can be referenced from ie. GameObjects
'Packages/com.unity.cinemachine/Editor/Editors/CinemachineVirtualCameraBaseEditor.cs' contains partial class of Unity.Object, exactly 1 of the partial classes needs to be in a file with the same filename. This is to know the one that can be referenced from ie. GameObjects
Refreshing native plugins compatible for Editor in 3.75 ms, found 4 plugins.
Native extension for iOS target not found
Native extension for Android target not found
Native extension for WindowsStandalone target not found
Assembly reference Packages/com.unity.cinemachine/Editor/Samples/ExposeHDRPInternals/HDRP-Editor-ref.asmref has no target assembly definition
[Package Manager] Failed to launch server process. Reason: Unity was launched with the -noUpm command-line argument
[Package Manager] Unable to send message (not connected to server process).
[Package Manager] Cannot connect to Unity Package Manager local server
Mono: successfully reloaded assembly
- Finished resetting the current domain, in  0.436 seconds
Domain Reload Profiling: 979ms
	BeginReloadAssembly (147ms)
		ExecutionOrderSort (0ms)
		DisableScriptedObjects (4ms)
		BackupInstance (0ms)
		ReleaseScriptingObjects (0ms)
		CreateAndSetChildDomain (31ms)
	RebuildCommonClasses (26ms)
	RebuildNativeTypeToScriptingClass (9ms)
	initialDomainReloadingComplete (23ms)
	LoadAllAssembliesAndSetupDomain (337ms)
		LoadAssemblies (287ms)
		RebuildTransferFunctionScriptingTraits (0ms)
		AnalyzeDomain (129ms)
			TypeCache.Refresh (6ms)
				TypeCache.ScanAssembly (0ms)
			BuildScriptInfoCaches (114ms)
			ResolveRequiredComponents (5ms)
	FinalizeReload (437ms)
		ReleaseScriptCaches (0ms)
		RebuildScriptCaches (0ms)
		SetupLoadedEditorAssemblies (341ms)
			LogAssemblyErrors (0ms)
			InitializePlatformSupportModulesInManaged (13ms)
			SetLoadedEditorAssemblies (2ms)
			BeforeProcessingInitializeOnLoad (63ms)
			ProcessInitializeOnLoadAttributes (231ms)
			ProcessInitializeOnLoadMethodAttributes (27ms)
			AfterProcessingInitializeOnLoad (4ms)
			EditorAssembliesLoaded (0ms)
		ExecutionOrderSort2 (0ms)
		AwakeInstancesAfterBackupRestoration (5ms)
Refreshing native plugins compatible for Editor in 6.13 ms, found 4 plugins.
Preloading 0 native plugins for Editor in 0.00 ms.
Unloading 1 Unused Serialized files (Serialized files now loaded: 0)
Unloading 4859 unused Assets / (1.2 MB). Loaded Objects now: 5407.
Memory consumption went from 98.3 MB to 97.1 MB.
Total: 25.964500 ms (FindLiveObjects: 7.731400 ms CreateObjectMapping: 10.995000 ms MarkObjects: 5.722400 ms  DeleteObjects: 1.513700 ms)

Prepare: number of updated asset objects reloaded= 0
========================================================================
Received Import Request.
  Time since last request: 574.164224 seconds.
  path: Assets/Mapbox/Examples/2_AstronautGame/AstronautGame/Building/3YvXH.png
  artifactKey: Guid(1cd3051fbf6150c46bbb8d117deb860b) Importer(815301076,1909f56bfc062723c751e8b465ee728b)
Start importing Assets/Mapbox/Examples/2_AstronautGame/AstronautGame/Building/3YvXH.png using Guid(1cd3051fbf6150c46bbb8d117deb860b) Importer(815301076,1909f56bfc062723c751e8b465ee728b) (PreviewImporter) -> (artifact id: 'bc9d8eb8da111d5612f946997833ac8d') in 0.0677175 seconds
Number of updated asset objects reloaded before import = 0Number of asset objects unloaded after import = 2

========================================================================
Received Import Request.
  Time since last request: 91.328392 seconds.
  path: Assets/Mapbox/Prefabs/CitySimulatorMap.prefab
  artifactKey: Guid(5bb46bae81bf04608ac699be504c5e66) Importer(815301076,1909f56bfc062723c751e8b465ee728b)
Start importing Assets/Mapbox/Prefabs/CitySimulatorMap.prefab using Guid(5bb46bae81bf04608ac699be504c5e66) Importer(815301076,1909f56bfc062723c751e8b465ee728b) (PreviewImporter) -> (artifact id: 'bdba9be8d64efd7a8939d0805b7d0095') in 0.0283644 seconds
Number of updated asset objects reloaded before import = 0Number of asset objects unloaded after import = 17

========================================================================
Received Import Request.
  Time since last request: 0.000016 seconds.
  path: Assets/Mapbox/Prefabs/MapboxHollowUprightPin.fbx
  artifactKey: Guid(116af72a5fd4e4a2c8d1730f94b8a8e1) Importer(815301076,1909f56bfc062723c751e8b465ee728b)
Start importing Assets/Mapbox/Prefabs/MapboxHollowUprightPin.fbx using Guid(116af72a5fd4e4a2c8d1730f94b8a8e1) Importer(815301076,1909f56bfc062723c751e8b465ee728b) (PreviewImporter) -> (artifact id: 'a0216768e9a9bc75fb965e0a5280dff9') in 0.0756076 seconds
Number of updated asset objects reloaded before import = 0Number of asset objects unloaded after import = 10

========================================================================
Received Import Request.
  Time since last request: 15.684901 seconds.
  path: Assets/Mapbox/Examples/Prefabs/ExampleDirectionsQuery.prefab
  artifactKey: Guid(6c8a0b62ddd604e678d6081484a0c73b) Importer(815301076,1909f56bfc062723c751e8b465ee728b)
Start importing Assets/Mapbox/Examples/Prefabs/ExampleDirectionsQuery.prefab using Guid(6c8a0b62ddd604e678d6081484a0c73b) Importer(815301076,1909f56bfc062723c751e8b465ee728b) (PreviewImporter) -> (artifact id: '567e64af4e12a212b790a27449c3a27d') in 0.0489471 seconds
Number of updated asset objects reloaded before import = 0Number of asset objects unloaded after import = 16

========================================================================
Received Prepare
Assembly reference Packages/com.unity.cinemachine/Editor/Samples/ExposeHDRPInternals/HDRP-Editor-ref.asmref has no target assembly definition
Assembly reference Packages/com.unity.cinemachine/Editor/Samples/ExposeHDRPInternals/HDRP-Editor-ref.asmref has no target assembly definition
Begin MonoManager ReloadAssembly
Symbol file LoadedFromMemory is not a mono symbol file
Symbol file LoadedFromMemory is not a mono symbol file
Symbol file LoadedFromMemory is not a mono symbol file
- Loaded All Assemblies, in  1.053 seconds
Assembly reference Packages/com.unity.cinemachine/Editor/Samples/ExposeHDRPInternals/HDRP-Editor-ref.asmref has no target assembly definition
'Packages/com.unity.cinemachine/Editor/Obsolete/CinemachineVirtualCameraBaseEditor.cs' contains partial class of Unity.Object, exactly 1 of the partial classes needs to be in a file with the same filename. This is to know the one that can be referenced from ie. GameObjects
'Packages/com.unity.cinemachine/Editor/Editors/CinemachineVirtualCameraBaseEditor.cs' contains partial class of Unity.Object, exactly 1 of the partial classes needs to be in a file with the same filename. This is to know the one that can be referenced from ie. GameObjects
Refreshing native plugins compatible for Editor in 3.39 ms, found 4 plugins.
Native extension for iOS target not found
Native extension for Android target not found
Native extension for WindowsStandalone target not found
Assembly reference Packages/com.unity.cinemachine/Editor/Samples/ExposeHDRPInternals/HDRP-Editor-ref.asmref has no target assembly definition
[Package Manager] Failed to launch server process. Reason: Unity was launched with the -noUpm command-line argument
[Package Manager] Unable to send message (not connected to server process).
[Package Manager] Cannot connect to Unity Package Manager local server
Mono: successfully reloaded assembly
- Finished resetting the current domain, in  0.433 seconds
Domain Reload Profiling: 1478ms
	BeginReloadAssembly (273ms)
		ExecutionOrderSort (0ms)
		DisableScriptedObjects (8ms)
		BackupInstance (0ms)
		ReleaseScriptingObjects (0ms)
		CreateAndSetChildDomain (57ms)
	RebuildCommonClasses (48ms)
	RebuildNativeTypeToScriptingClass (18ms)
	initialDomainReloadingComplete (52ms)
	LoadAllAssembliesAndSetupDomain (654ms)
		LoadAssemblies (580ms)
		RebuildTransferFunctionScriptingTraits (0ms)
		AnalyzeDomain (226ms)
			TypeCache.Refresh (19ms)
				TypeCache.ScanAssembly (8ms)
			BuildScriptInfoCaches (200ms)
			ResolveRequiredComponents (5ms)
	FinalizeReload (434ms)
		ReleaseScriptCaches (0ms)
		RebuildScriptCaches (0ms)
		SetupLoadedEditorAssemblies (340ms)
			LogAssemblyErrors (0ms)
			InitializePlatformSupportModulesInManaged (12ms)
			SetLoadedEditorAssemblies (2ms)
			BeforeProcessingInitializeOnLoad (63ms)
			ProcessInitializeOnLoadAttributes (236ms)
			ProcessInitializeOnLoadMethodAttributes (21ms)
			AfterProcessingInitializeOnLoad (5ms)
			EditorAssembliesLoaded (0ms)
		ExecutionOrderSort2 (0ms)
		AwakeInstancesAfterBackupRestoration (8ms)
Refreshing native plugins compatible for Editor in 6.59 ms, found 4 plugins.
Preloading 0 native plugins for Editor in 0.00 ms.
Unloading 1 Unused Serialized files (Serialized files now loaded: 0)
Unloading 4859 unused Assets / (1.5 MB). Loaded Objects now: 5411.
Memory consumption went from 98.3 MB to 96.8 MB.
Total: 9.307200 ms (FindLiveObjects: 0.539800 ms CreateObjectMapping: 0.606000 ms MarkObjects: 6.121700 ms  DeleteObjects: 2.037300 ms)

Prepare: number of updated asset objects reloaded= 0
========================================================================
Received Prepare
Assembly reference Packages/com.unity.cinemachine/Editor/Samples/ExposeHDRPInternals/HDRP-Editor-ref.asmref has no target assembly definition
Assembly reference Packages/com.unity.cinemachine/Editor/Samples/ExposeHDRPInternals/HDRP-Editor-ref.asmref has no target assembly definition
Begin MonoManager ReloadAssembly
Symbol file LoadedFromMemory is not a mono symbol file
Symbol file LoadedFromMemory is not a mono symbol file
Symbol file LoadedFromMemory is not a mono symbol file
- Loaded All Assemblies, in  0.543 seconds
Assembly reference Packages/com.unity.cinemachine/Editor/Samples/ExposeHDRPInternals/HDRP-Editor-ref.asmref has no target assembly definition
'Packages/com.unity.cinemachine/Editor/Obsolete/CinemachineVirtualCameraBaseEditor.cs' contains partial class of Unity.Object, exactly 1 of the partial classes needs to be in a file with the same filename. This is to know the one that can be referenced from ie. GameObjects
'Packages/com.unity.cinemachine/Editor/Editors/CinemachineVirtualCameraBaseEditor.cs' contains partial class of Unity.Object, exactly 1 of the partial classes needs to be in a file with the same filename. This is to know the one that can be referenced from ie. GameObjects
Refreshing native plugins compatible for Editor in 3.68 ms, found 4 plugins.
Native extension for iOS target not found
Native extension for Android target not found
Native extension for WindowsStandalone target not found
Assembly reference Packages/com.unity.cinemachine/Editor/Samples/ExposeHDRPInternals/HDRP-Editor-ref.asmref has no target assembly definition
[Package Manager] Failed to launch server process. Reason: Unity was launched with the -noUpm command-line argument
[Package Manager] Unable to send message (not connected to server process).
[Package Manager] Cannot connect to Unity Package Manager local server
Mono: successfully reloaded assembly
- Finished resetting the current domain, in  0.445 seconds
Domain Reload Profiling: 987ms
	BeginReloadAssembly (152ms)
		ExecutionOrderSort (0ms)
		DisableScriptedObjects (3ms)
		BackupInstance (0ms)
		ReleaseScriptingObjects (0ms)
		CreateAndSetChildDomain (32ms)
	RebuildCommonClasses (26ms)
	RebuildNativeTypeToScriptingClass (9ms)
	initialDomainReloadingComplete (23ms)
	LoadAllAssembliesAndSetupDomain (332ms)
		LoadAssemblies (287ms)
		RebuildTransferFunctionScriptingTraits (0ms)
		AnalyzeDomain (129ms)
			TypeCache.Refresh (6ms)
				TypeCache.ScanAssembly (0ms)
			BuildScriptInfoCaches (114ms)
			ResolveRequiredComponents (5ms)
	FinalizeReload (445ms)
		ReleaseScriptCaches (0ms)
		RebuildScriptCaches (0ms)
		SetupLoadedEditorAssemblies (351ms)
			LogAssemblyErrors (0ms)
			InitializePlatformSupportModulesInManaged (13ms)
			SetLoadedEditorAssemblies (3ms)
			BeforeProcessingInitializeOnLoad (65ms)
			ProcessInitializeOnLoadAttributes (244ms)
			ProcessInitializeOnLoadMethodAttributes (22ms)
			AfterProcessingInitializeOnLoad (5ms)
			EditorAssembliesLoaded (0ms)
		ExecutionOrderSort2 (0ms)
		AwakeInstancesAfterBackupRestoration (5ms)
Refreshing native plugins compatible for Editor in 13.09 ms, found 4 plugins.
Preloading 0 native plugins for Editor in 0.00 ms.
Unloading 1 Unused Serialized files (Serialized files now loaded: 0)
Unloading 4859 unused Assets / (1.4 MB). Loaded Objects now: 5411.
Memory consumption went from 98.4 MB to 96.9 MB.
Total: 15.162500 ms (FindLiveObjects: 0.507900 ms CreateObjectMapping: 0.563900 ms MarkObjects: 12.421100 ms  DeleteObjects: 1.668000 ms)

Prepare: number of updated asset objects reloaded= 0
========================================================================
Received Prepare
Assembly reference Packages/com.unity.cinemachine/Editor/Samples/ExposeHDRPInternals/HDRP-Editor-ref.asmref has no target assembly definition
Assembly reference Packages/com.unity.cinemachine/Editor/Samples/ExposeHDRPInternals/HDRP-Editor-ref.asmref has no target assembly definition
Begin MonoManager ReloadAssembly
Symbol file LoadedFromMemory is not a mono symbol file
Symbol file LoadedFromMemory is not a mono symbol file
Symbol file LoadedFromMemory is not a mono symbol file
- Loaded All Assemblies, in  0.641 seconds
Assembly reference Packages/com.unity.cinemachine/Editor/Samples/ExposeHDRPInternals/HDRP-Editor-ref.asmref has no target assembly definition
'Packages/com.unity.cinemachine/Editor/Obsolete/CinemachineVirtualCameraBaseEditor.cs' contains partial class of Unity.Object, exactly 1 of the partial classes needs to be in a file with the same filename. This is to know the one that can be referenced from ie. GameObjects
'Packages/com.unity.cinemachine/Editor/Editors/CinemachineVirtualCameraBaseEditor.cs' contains partial class of Unity.Object, exactly 1 of the partial classes needs to be in a file with the same filename. This is to know the one that can be referenced from ie. GameObjects
Refreshing native plugins compatible for Editor in 4.42 ms, found 4 plugins.
Native extension for iOS target not found
Native extension for Android target not found
Native extension for WindowsStandalone target not found
Assembly reference Packages/com.unity.cinemachine/Editor/Samples/ExposeHDRPInternals/HDRP-Editor-ref.asmref has no target assembly definition
[Package Manager] Failed to launch server process. Reason: Unity was launched with the -noUpm command-line argument
[Package Manager] Unable to send message (not connected to server process).
[Package Manager] Cannot connect to Unity Package Manager local server
Mono: successfully reloaded assembly
- Finished resetting the current domain, in  0.445 seconds
Domain Reload Profiling: 1084ms
	BeginReloadAssembly (175ms)
		ExecutionOrderSort (0ms)
		DisableScriptedObjects (4ms)
		BackupInstance (0ms)
		ReleaseScriptingObjects (0ms)
		CreateAndSetChildDomain (40ms)
	RebuildCommonClasses (35ms)
	RebuildNativeTypeToScriptingClass (11ms)
	initialDomainReloadingComplete (27ms)
	LoadAllAssembliesAndSetupDomain (390ms)
		LoadAssemblies (334ms)
		RebuildTransferFunctionScriptingTraits (0ms)
		AnalyzeDomain (147ms)
			TypeCache.Refresh (7ms)
				TypeCache.ScanAssembly (0ms)
			BuildScriptInfoCaches (131ms)
			ResolveRequiredComponents (6ms)
	FinalizeReload (446ms)
		ReleaseScriptCaches (0ms)
		RebuildScriptCaches (0ms)
		SetupLoadedEditorAssemblies (345ms)
			LogAssemblyErrors (0ms)
			InitializePlatformSupportModulesInManaged (13ms)
			SetLoadedEditorAssemblies (3ms)
			BeforeProcessingInitializeOnLoad (63ms)
			ProcessInitializeOnLoadAttributes (239ms)
			ProcessInitializeOnLoadMethodAttributes (23ms)
			AfterProcessingInitializeOnLoad (4ms)
			EditorAssembliesLoaded (0ms)
		ExecutionOrderSort2 (0ms)
		AwakeInstancesAfterBackupRestoration (5ms)
Refreshing native plugins compatible for Editor in 7.06 ms, found 4 plugins.
Preloading 0 native plugins for Editor in 0.00 ms.
Unloading 1 Unused Serialized files (Serialized files now loaded: 0)
Unloading 4859 unused Assets / (1.6 MB). Loaded Objects now: 5411.
Memory consumption went from 98.4 MB to 96.8 MB.
Total: 8.666600 ms (FindLiveObjects: 0.645800 ms CreateObjectMapping: 0.670100 ms MarkObjects: 5.348900 ms  DeleteObjects: 1.999900 ms)

Prepare: number of updated asset objects reloaded= 0
========================================================================
Received Prepare
Assembly reference Packages/com.unity.cinemachine/Editor/Samples/ExposeHDRPInternals/HDRP-Editor-ref.asmref has no target assembly definition
Assembly reference Packages/com.unity.cinemachine/Editor/Samples/ExposeHDRPInternals/HDRP-Editor-ref.asmref has no target assembly definition
Begin MonoManager ReloadAssembly
Symbol file LoadedFromMemory is not a mono symbol file
Symbol file LoadedFromMemory is not a mono symbol file
Symbol file LoadedFromMemory is not a mono symbol file
- Loaded All Assemblies, in  0.618 seconds
Assembly reference Packages/com.unity.cinemachine/Editor/Samples/ExposeHDRPInternals/HDRP-Editor-ref.asmref has no target assembly definition
'Packages/com.unity.cinemachine/Editor/Obsolete/CinemachineVirtualCameraBaseEditor.cs' contains partial class of Unity.Object, exactly 1 of the partial classes needs to be in a file with the same filename. This is to know the one that can be referenced from ie. GameObjects
'Packages/com.unity.cinemachine/Editor/Editors/CinemachineVirtualCameraBaseEditor.cs' contains partial class of Unity.Object, exactly 1 of the partial classes needs to be in a file with the same filename. This is to know the one that can be referenced from ie. GameObjects
Refreshing native plugins compatible for Editor in 3.77 ms, found 4 plugins.
Native extension for iOS target not found
Native extension for Android target not found
Native extension for WindowsStandalone target not found
Assembly reference Packages/com.unity.cinemachine/Editor/Samples/ExposeHDRPInternals/HDRP-Editor-ref.asmref has no target assembly definition
[Package Manager] Failed to launch server process. Reason: Unity was launched with the -noUpm command-line argument
[Package Manager] Unable to send message (not connected to server process).
[Package Manager] Cannot connect to Unity Package Manager local server
Mono: successfully reloaded assembly
- Finished resetting the current domain, in  0.421 seconds
Domain Reload Profiling: 1038ms
	BeginReloadAssembly (193ms)
		ExecutionOrderSort (0ms)
		DisableScriptedObjects (8ms)
		BackupInstance (0ms)
		ReleaseScriptingObjects (0ms)
		CreateAndSetChildDomain (54ms)
	RebuildCommonClasses (31ms)
	RebuildNativeTypeToScriptingClass (11ms)
	initialDomainReloadingComplete (25ms)
	LoadAllAssembliesAndSetupDomain (358ms)
		LoadAssemblies (298ms)
		RebuildTransferFunctionScriptingTraits (0ms)
		AnalyzeDomain (141ms)
			TypeCache.Refresh (12ms)
				TypeCache.ScanAssembly (4ms)
			BuildScriptInfoCaches (121ms)
			ResolveRequiredComponents (5ms)
	FinalizeReload (421ms)
		ReleaseScriptCaches (0ms)
		RebuildScriptCaches (0ms)
		SetupLoadedEditorAssemblies (331ms)
			LogAssemblyErrors (0ms)
			InitializePlatformSupportModulesInManaged (13ms)
			SetLoadedEditorAssemblies (2ms)
			BeforeProcessingInitializeOnLoad (61ms)
			ProcessInitializeOnLoadAttributes (232ms)
			ProcessInitializeOnLoadMethodAttributes (17ms)
			AfterProcessingInitializeOnLoad (4ms)
			EditorAssembliesLoaded (0ms)
		ExecutionOrderSort2 (0ms)
		AwakeInstancesAfterBackupRestoration (5ms)
Refreshing native plugins compatible for Editor in 6.93 ms, found 4 plugins.
Preloading 0 native plugins for Editor in 0.00 ms.
Unloading 1 Unused Serialized files (Serialized files now loaded: 0)
Unloading 4859 unused Assets / (1.5 MB). Loaded Objects now: 5411.
Memory consumption went from 98.4 MB to 96.8 MB.
Total: 8.473700 ms (FindLiveObjects: 0.488600 ms CreateObjectMapping: 0.600800 ms MarkObjects: 5.893700 ms  DeleteObjects: 1.488600 ms)

Prepare: number of updated asset objects reloaded= 0
========================================================================
Received Prepare
Assembly reference Packages/com.unity.cinemachine/Editor/Samples/ExposeHDRPInternals/HDRP-Editor-ref.asmref has no target assembly definition
Assembly reference Packages/com.unity.cinemachine/Editor/Samples/ExposeHDRPInternals/HDRP-Editor-ref.asmref has no target assembly definition
Begin MonoManager ReloadAssembly
Symbol file LoadedFromMemory is not a mono symbol file
Symbol file LoadedFromMemory is not a mono symbol file
Symbol file LoadedFromMemory is not a mono symbol file
- Loaded All Assemblies, in  0.990 seconds
Assembly reference Packages/com.unity.cinemachine/Editor/Samples/ExposeHDRPInternals/HDRP-Editor-ref.asmref has no target assembly definition
'Packages/com.unity.cinemachine/Editor/Obsolete/CinemachineVirtualCameraBaseEditor.cs' contains partial class of Unity.Object, exactly 1 of the partial classes needs to be in a file with the same filename. This is to know the one that can be referenced from ie. GameObjects
'Packages/com.unity.cinemachine/Editor/Editors/CinemachineVirtualCameraBaseEditor.cs' contains partial class of Unity.Object, exactly 1 of the partial classes needs to be in a file with the same filename. This is to know the one that can be referenced from ie. GameObjects
Refreshing native plugins compatible for Editor in 3.43 ms, found 4 plugins.
Native extension for iOS target not found
Native extension for Android target not found
Native extension for WindowsStandalone target not found
Assembly reference Packages/com.unity.cinemachine/Editor/Samples/ExposeHDRPInternals/HDRP-Editor-ref.asmref has no target assembly definition
[Package Manager] Failed to launch server process. Reason: Unity was launched with the -noUpm command-line argument
[Package Manager] Unable to send message (not connected to server process).
[Package Manager] Cannot connect to Unity Package Manager local server
Mono: successfully reloaded assembly
- Finished resetting the current domain, in  0.425 seconds
Domain Reload Profiling: 1408ms
	BeginReloadAssembly (249ms)
		ExecutionOrderSort (0ms)
		DisableScriptedObjects (6ms)
		BackupInstance (0ms)
		ReleaseScriptingObjects (0ms)
		CreateAndSetChildDomain (48ms)
	RebuildCommonClasses (45ms)
	RebuildNativeTypeToScriptingClass (17ms)
	initialDomainReloadingComplete (47ms)
	LoadAllAssembliesAndSetupDomain (625ms)
		LoadAssemblies (535ms)
		RebuildTransferFunctionScriptingTraits (0ms)
		AnalyzeDomain (232ms)
			TypeCache.Refresh (23ms)
				TypeCache.ScanAssembly (10ms)
			BuildScriptInfoCaches (196ms)
			ResolveRequiredComponents (9ms)
	FinalizeReload (425ms)
		ReleaseScriptCaches (0ms)
		RebuildScriptCaches (0ms)
		SetupLoadedEditorAssemblies (336ms)
			LogAssemblyErrors (0ms)
			InitializePlatformSupportModulesInManaged (12ms)
			SetLoadedEditorAssemblies (2ms)
			BeforeProcessingInitializeOnLoad (65ms)
			ProcessInitializeOnLoadAttributes (230ms)
			ProcessInitializeOnLoadMethodAttributes (22ms)
			AfterProcessingInitializeOnLoad (4ms)
			EditorAssembliesLoaded (0ms)
		ExecutionOrderSort2 (0ms)
		AwakeInstancesAfterBackupRestoration (4ms)
Refreshing native plugins compatible for Editor in 6.07 ms, found 4 plugins.
Preloading 0 native plugins for Editor in 0.00 ms.
Unloading 1 Unused Serialized files (Serialized files now loaded: 0)
Unloading 4859 unused Assets / (1.5 MB). Loaded Objects now: 5411.
Memory consumption went from 98.4 MB to 96.9 MB.
Total: 7.397200 ms (FindLiveObjects: 0.463300 ms CreateObjectMapping: 0.562900 ms MarkObjects: 4.817300 ms  DeleteObjects: 1.551800 ms)

Prepare: number of updated asset objects reloaded= 0
========================================================================
Received Prepare
Assembly reference Packages/com.unity.cinemachine/Editor/Samples/ExposeHDRPInternals/HDRP-Editor-ref.asmref has no target assembly definition
Assembly reference Packages/com.unity.cinemachine/Editor/Samples/ExposeHDRPInternals/HDRP-Editor-ref.asmref has no target assembly definition
Begin MonoManager ReloadAssembly
Symbol file LoadedFromMemory is not a mono symbol file
Symbol file LoadedFromMemory is not a mono symbol file
Symbol file LoadedFromMemory is not a mono symbol file
- Loaded All Assemblies, in  0.543 seconds
Assembly reference Packages/com.unity.cinemachine/Editor/Samples/ExposeHDRPInternals/HDRP-Editor-ref.asmref has no target assembly definition
'Packages/com.unity.cinemachine/Editor/Obsolete/CinemachineVirtualCameraBaseEditor.cs' contains partial class of Unity.Object, exactly 1 of the partial classes needs to be in a file with the same filename. This is to know the one that can be referenced from ie. GameObjects
'Packages/com.unity.cinemachine/Editor/Editors/CinemachineVirtualCameraBaseEditor.cs' contains partial class of Unity.Object, exactly 1 of the partial classes needs to be in a file with the same filename. This is to know the one that can be referenced from ie. GameObjects
Refreshing native plugins compatible for Editor in 3.83 ms, found 4 plugins.
Native extension for iOS target not found
Native extension for Android target not found
Native extension for WindowsStandalone target not found
Assembly reference Packages/com.unity.cinemachine/Editor/Samples/ExposeHDRPInternals/HDRP-Editor-ref.asmref has no target assembly definition
[Package Manager] Failed to launch server process. Reason: Unity was launched with the -noUpm command-line argument
[Package Manager] Unable to send message (not connected to server process).
[Package Manager] Cannot connect to Unity Package Manager local server
Mono: successfully reloaded assembly
- Finished resetting the current domain, in  0.446 seconds
Domain Reload Profiling: 987ms
	BeginReloadAssembly (145ms)
		ExecutionOrderSort (0ms)
		DisableScriptedObjects (3ms)
		BackupInstance (0ms)
		ReleaseScriptingObjects (0ms)
		CreateAndSetChildDomain (32ms)
	RebuildCommonClasses (26ms)
	RebuildNativeTypeToScriptingClass (9ms)
	initialDomainReloadingComplete (24ms)
	LoadAllAssembliesAndSetupDomain (337ms)
		LoadAssemblies (277ms)
		RebuildTransferFunctionScriptingTraits (0ms)
		AnalyzeDomain (137ms)
			TypeCache.Refresh (6ms)
				TypeCache.ScanAssembly (0ms)
			BuildScriptInfoCaches (122ms)
			ResolveRequiredComponents (5ms)
	FinalizeReload (446ms)
		ReleaseScriptCaches (0ms)
		RebuildScriptCaches (0ms)
		SetupLoadedEditorAssemblies (345ms)
			LogAssemblyErrors (0ms)
			InitializePlatformSupportModulesInManaged (12ms)
			SetLoadedEditorAssemblies (2ms)
			BeforeProcessingInitializeOnLoad (63ms)
			ProcessInitializeOnLoadAttributes (246ms)
			ProcessInitializeOnLoadMethodAttributes (18ms)
			AfterProcessingInitializeOnLoad (4ms)
			EditorAssembliesLoaded (0ms)
		ExecutionOrderSort2 (0ms)
		AwakeInstancesAfterBackupRestoration (5ms)
Refreshing native plugins compatible for Editor in 5.57 ms, found 4 plugins.
Preloading 0 native plugins for Editor in 0.00 ms.
Unloading 1 Unused Serialized files (Serialized files now loaded: 0)
Unloading 4859 unused Assets / (1.5 MB). Loaded Objects now: 5411.
Memory consumption went from 98.3 MB to 96.8 MB.
Total: 8.203400 ms (FindLiveObjects: 0.423000 ms CreateObjectMapping: 0.444400 ms MarkObjects: 5.818700 ms  DeleteObjects: 1.515800 ms)

Prepare: number of updated asset objects reloaded= 0
========================================================================
Received Prepare
Assembly reference Packages/com.unity.cinemachine/Editor/Samples/ExposeHDRPInternals/HDRP-Editor-ref.asmref has no target assembly definition
Assembly reference Packages/com.unity.cinemachine/Editor/Samples/ExposeHDRPInternals/HDRP-Editor-ref.asmref has no target assembly definition
Begin MonoManager ReloadAssembly
Symbol file LoadedFromMemory is not a mono symbol file
Symbol file LoadedFromMemory is not a mono symbol file
Symbol file LoadedFromMemory is not a mono symbol file
- Loaded All Assemblies, in  1.016 seconds
Assembly reference Packages/com.unity.cinemachine/Editor/Samples/ExposeHDRPInternals/HDRP-Editor-ref.asmref has no target assembly definition
'Packages/com.unity.cinemachine/Editor/Obsolete/CinemachineVirtualCameraBaseEditor.cs' contains partial class of Unity.Object, exactly 1 of the partial classes needs to be in a file with the same filename. This is to know the one that can be referenced from ie. GameObjects
'Packages/com.unity.cinemachine/Editor/Editors/CinemachineVirtualCameraBaseEditor.cs' contains partial class of Unity.Object, exactly 1 of the partial classes needs to be in a file with the same filename. This is to know the one that can be referenced from ie. GameObjects
Refreshing native plugins compatible for Editor in 13.68 ms, found 4 plugins.
Native extension for iOS target not found
Native extension for Android target not found
Native extension for WindowsStandalone target not found
Assembly reference Packages/com.unity.cinemachine/Editor/Samples/ExposeHDRPInternals/HDRP-Editor-ref.asmref has no target assembly definition
[Package Manager] Failed to launch server process. Reason: Unity was launched with the -noUpm command-line argument
[Package Manager] Unable to send message (not connected to server process).
[Package Manager] Cannot connect to Unity Package Manager local server
Mono: successfully reloaded assembly
- Finished resetting the current domain, in  0.565 seconds
Domain Reload Profiling: 1572ms
	BeginReloadAssembly (247ms)
		ExecutionOrderSort (0ms)
		DisableScriptedObjects (6ms)
		BackupInstance (0ms)
		ReleaseScriptingObjects (0ms)
		CreateAndSetChildDomain (48ms)
	RebuildCommonClasses (46ms)
	RebuildNativeTypeToScriptingClass (17ms)
	initialDomainReloadingComplete (47ms)
	LoadAllAssembliesAndSetupDomain (650ms)
		LoadAssemblies (536ms)
		RebuildTransferFunctionScriptingTraits (0ms)
		AnalyzeDomain (254ms)
			TypeCache.Refresh (19ms)
				TypeCache.ScanAssembly (8ms)
			BuildScriptInfoCaches (218ms)
			ResolveRequiredComponents (11ms)
	FinalizeReload (566ms)
		ReleaseScriptCaches (0ms)
		RebuildScriptCaches (0ms)
		SetupLoadedEditorAssemblies (406ms)
			LogAssemblyErrors (0ms)
			InitializePlatformSupportModulesInManaged (25ms)
			SetLoadedEditorAssemblies (4ms)
			BeforeProcessingInitializeOnLoad (114ms)
			ProcessInitializeOnLoadAttributes (237ms)
			ProcessInitializeOnLoadMethodAttributes (21ms)
			AfterProcessingInitializeOnLoad (4ms)
			EditorAssembliesLoaded (0ms)
		ExecutionOrderSort2 (0ms)
		AwakeInstancesAfterBackupRestoration (5ms)
Refreshing native plugins compatible for Editor in 6.35 ms, found 4 plugins.
Preloading 0 native plugins for Editor in 0.00 ms.
Unloading 1 Unused Serialized files (Serialized files now loaded: 0)
Unloading 4859 unused Assets / (1.7 MB). Loaded Objects now: 5411.
Memory consumption went from 98.4 MB to 96.7 MB.
Total: 8.015600 ms (FindLiveObjects: 0.502800 ms CreateObjectMapping: 0.658000 ms MarkObjects: 5.138200 ms  DeleteObjects: 1.715000 ms)

Prepare: number of updated asset objects reloaded= 0
========================================================================
Received Prepare
Assembly reference Packages/com.unity.cinemachine/Editor/Samples/ExposeHDRPInternals/HDRP-Editor-ref.asmref has no target assembly definition
Assembly reference Packages/com.unity.cinemachine/Editor/Samples/ExposeHDRPInternals/HDRP-Editor-ref.asmref has no target assembly definition
Begin MonoManager ReloadAssembly
Symbol file LoadedFromMemory is not a mono symbol file
Symbol file LoadedFromMemory is not a mono symbol file
Symbol file LoadedFromMemory is not a mono symbol file
- Loaded All Assemblies, in  0.549 seconds
Assembly reference Packages/com.unity.cinemachine/Editor/Samples/ExposeHDRPInternals/HDRP-Editor-ref.asmref has no target assembly definition
'Packages/com.unity.cinemachine/Editor/Obsolete/CinemachineVirtualCameraBaseEditor.cs' contains partial class of Unity.Object, exactly 1 of the partial classes needs to be in a file with the same filename. This is to know the one that can be referenced from ie. GameObjects
'Packages/com.unity.cinemachine/Editor/Editors/CinemachineVirtualCameraBaseEditor.cs' contains partial class of Unity.Object, exactly 1 of the partial classes needs to be in a file with the same filename. This is to know the one that can be referenced from ie. GameObjects
Refreshing native plugins compatible for Editor in 3.81 ms, found 4 plugins.
Native extension for iOS target not found
Native extension for Android target not found
Native extension for WindowsStandalone target not found
Assembly reference Packages/com.unity.cinemachine/Editor/Samples/ExposeHDRPInternals/HDRP-Editor-ref.asmref has no target assembly definition
[Package Manager] Failed to launch server process. Reason: Unity was launched with the -noUpm command-line argument
[Package Manager] Unable to send message (not connected to server process).
[Package Manager] Cannot connect to Unity Package Manager local server
Mono: successfully reloaded assembly
- Finished resetting the current domain, in  0.470 seconds
Domain Reload Profiling: 1018ms
	BeginReloadAssembly (150ms)
		ExecutionOrderSort (0ms)
		DisableScriptedObjects (3ms)
		BackupInstance (0ms)
		ReleaseScriptingObjects (0ms)
		CreateAndSetChildDomain (34ms)
	RebuildCommonClasses (27ms)
	RebuildNativeTypeToScriptingClass (9ms)
	initialDomainReloadingComplete (24ms)
	LoadAllAssembliesAndSetupDomain (337ms)
		LoadAssemblies (283ms)
		RebuildTransferFunctionScriptingTraits (0ms)
		AnalyzeDomain (130ms)
			TypeCache.Refresh (6ms)
				TypeCache.ScanAssembly (0ms)
			BuildScriptInfoCaches (115ms)
			ResolveRequiredComponents (5ms)
	FinalizeReload (470ms)
		ReleaseScriptCaches (0ms)
		RebuildScriptCaches (0ms)
		SetupLoadedEditorAssemblies (378ms)
			LogAssemblyErrors (0ms)
			InitializePlatformSupportModulesInManaged (12ms)
			SetLoadedEditorAssemblies (2ms)
			BeforeProcessingInitializeOnLoad (77ms)
			ProcessInitializeOnLoadAttributes (260ms)
			ProcessInitializeOnLoadMethodAttributes (20ms)
			AfterProcessingInitializeOnLoad (7ms)
			EditorAssembliesLoaded (0ms)
		ExecutionOrderSort2 (0ms)
		AwakeInstancesAfterBackupRestoration (5ms)
Refreshing native plugins compatible for Editor in 6.96 ms, found 4 plugins.
Preloading 0 native plugins for Editor in 0.00 ms.
Unloading 1 Unused Serialized files (Serialized files now loaded: 0)
Unloading 4859 unused Assets / (1.5 MB). Loaded Objects now: 5411.
Memory consumption went from 98.4 MB to 96.9 MB.
Total: 9.718400 ms (FindLiveObjects: 0.504500 ms CreateObjectMapping: 0.617600 ms MarkObjects: 6.909200 ms  DeleteObjects: 1.685400 ms)

Prepare: number of updated asset objects reloaded= 0
