Using pre-set license
Built from '6000.0/release' branch; Version is '6000.0.43f1 (97272b72f107) revision 9905963'; Using compiler version '193933523'; Build Type 'Release'
OS: 'Windows 11  (10.0.26100) 64bit Core' Language: 'pt' Physical Memory: 32509 MB
BatchMode: 1, IsHumanControllingUs: 0, StartBugReporterOnCrash: 0, Is64bit: 1, IsPro: 1

COMMAND LINE ARGUMENTS:
C:\Program Files\Unity\Hub\Editor\6000.0.43f1\Editor\Unity.exe
-adb2
-batchMode
-noUpm
-name
AssetImportWorker4
-projectPath
C:/ProjetosUnity/UnespGO/UnespGO
-logFile
Logs/AssetImportWorker4.log
-srvPort
49746
-job-worker-count
7
-background-job-worker-count
8
-gc-helper-count
1
Successfully changed project path to: C:/ProjetosUnity/UnespGO/UnespGO
C:/ProjetosUnity/UnespGO/UnespGO
[UnityMemory] Configuration Parameters - Can be set up in boot.config
    "memorysetup-bucket-allocator-granularity=16"
    "memorysetup-bucket-allocator-bucket-count=8"
    "memorysetup-bucket-allocator-block-size=33554432"
    "memorysetup-bucket-allocator-block-count=8"
    "memorysetup-main-allocator-block-size=16777216"
    "memorysetup-thread-allocator-block-size=16777216"
    "memorysetup-gfx-main-allocator-block-size=16777216"
    "memorysetup-gfx-thread-allocator-block-size=16777216"
    "memorysetup-cache-allocator-block-size=4194304"
    "memorysetup-typetree-allocator-block-size=2097152"
    "memorysetup-profiler-bucket-allocator-granularity=16"
    "memorysetup-profiler-bucket-allocator-bucket-count=8"
    "memorysetup-profiler-bucket-allocator-block-size=33554432"
    "memorysetup-profiler-bucket-allocator-block-count=8"
    "memorysetup-profiler-allocator-block-size=16777216"
    "memorysetup-profiler-editor-allocator-block-size=1048576"
    "memorysetup-temp-allocator-size-main=16777216"
    "memorysetup-job-temp-allocator-block-size=2097152"
    "memorysetup-job-temp-allocator-block-size-background=1048576"
    "memorysetup-job-temp-allocator-reduction-small-platforms=262144"
    "memorysetup-allocator-temp-initial-block-size-main=262144"
    "memorysetup-allocator-temp-initial-block-size-worker=262144"
    "memorysetup-temp-allocator-size-background-worker=32768"
    "memorysetup-temp-allocator-size-job-worker=262144"
    "memorysetup-temp-allocator-size-preload-manager=33554432"
    "memorysetup-temp-allocator-size-nav-mesh-worker=65536"
    "memorysetup-temp-allocator-size-audio-worker=65536"
    "memorysetup-temp-allocator-size-cloud-worker=32768"
    "memorysetup-temp-allocator-size-gi-baking-worker=262144"
    "memorysetup-temp-allocator-size-gi-baking-worker=262144"
    "memorysetup-temp-allocator-size-gi-baking-worker=262144"
    "memorysetup-temp-allocator-size-gi-baking-worker=262144"
    "memorysetup-temp-allocator-size-gi-baking-worker=262144"
    "memorysetup-temp-allocator-size-gfx=262144"
Player connection [1948]  Target information:

Player connection [1948]  * "[IP] 192.168.15.3 [Port] 0 [Flags] 2 [Guid] 803371339 [EditorId] 803371339 [Version] 1048832 [Id] WindowsEditor(7,LucasET) [Debug] 1 [PackageName] WindowsEditor [ProjectName] Editor" 

Player connection [1948]  * "[IP] 26.184.112.114 [Port] 0 [Flags] 2 [Guid] 803371339 [EditorId] 803371339 [Version] 1048832 [Id] WindowsEditor(7,LucasET) [Debug] 1 [PackageName] WindowsEditor [ProjectName] Editor" 

Player connection [1948] Host joined multi-casting on [225.0.0.222:54997]...
Player connection [1948] Host joined alternative multi-casting on [225.0.0.222:34997]...
JobSystem: Creating JobQueue using job-worker-count value 7
Input System module state changed to: Initialized.
[Physics::Module] Initialized fallback backend.
[Physics::Module] Id: 0xdecafbad
Library Redirect Path: Library/
[Physics::Module] Selected backend.
[Physics::Module] Name: PhysX
[Physics::Module] Id: 0xf2b8ea05
[Physics::Module] SDK Version: 4.1.2
[Physics::Module] Integration Version: 1.0.0
[Physics::Module] Threading Mode: Multi-Threaded
Refreshing native plugins compatible for Editor in 6.20 ms, found 4 plugins.
Preloading 0 native plugins for Editor in 0.00 ms.
Initialize engine version: 6000.0.43f1 (97272b72f107)
[Subsystems] Discovering subsystems at path C:/Program Files/Unity/Hub/Editor/6000.0.43f1/Editor/Data/Resources/UnitySubsystems
[Subsystems] Discovering subsystems at path C:/ProjetosUnity/UnespGO/UnespGO/Assets
GfxDevice: creating device client; kGfxThreadingModeNonThreaded
Direct3D:
    Version:  Direct3D 11.0 [level 11.1]
    Renderer: NVIDIA GeForce RTX 3060 Ti (ID=0x2489)
    Vendor:   NVIDIA
    VRAM:     8024 MB
    Driver:   32.0.15.7652
Initialize mono
Mono path[0] = 'C:/Program Files/Unity/Hub/Editor/6000.0.43f1/Editor/Data/Managed'
Mono path[1] = 'C:/Program Files/Unity/Hub/Editor/6000.0.43f1/Editor/Data/MonoBleedingEdge/lib/mono/unityjit-win32'
Mono config path = 'C:/Program Files/Unity/Hub/Editor/6000.0.43f1/Editor/Data/MonoBleedingEdge/etc'
Using monoOptions --debugger-agent=transport=dt_socket,embedding=1,server=y,suspend=n,address=127.0.0.1:56784
Begin MonoManager ReloadAssembly
Registering precompiled unity dll's ...
Register platform support module: C:/Program Files/Unity/Hub/Editor/6000.0.43f1/Editor/Data/PlaybackEngines/WindowsStandaloneSupport/UnityEditor.WindowsStandalone.Extensions.dll
Register platform support module: C:/Program Files/Unity/Hub/Editor/6000.0.43f1/Editor/Data/PlaybackEngines/AndroidPlayer/UnityEditor.Android.Extensions.dll
Register platform support module: C:/Program Files/Unity/Hub/Editor/6000.0.43f1/Editor/Data/PlaybackEngines/iOSSupport/UnityEditor.iOS.Extensions.dll
Registered in 0.003736 seconds.
- Loaded All Assemblies, in  0.329 seconds
[usbmuxd] Start listen thread
[usbmuxd] Listen thread started
Native extension for iOS target not found
Native extension for Android target not found
Android Extension - Scanning For ADB Devices 263 ms
Native extension for WindowsStandalone target not found
Mono: successfully reloaded assembly
- Finished resetting the current domain, in  0.608 seconds
Domain Reload Profiling: 935ms
	BeginReloadAssembly (111ms)
		ExecutionOrderSort (0ms)
		DisableScriptedObjects (0ms)
		BackupInstance (0ms)
		ReleaseScriptingObjects (0ms)
		CreateAndSetChildDomain (1ms)
	RebuildCommonClasses (27ms)
	RebuildNativeTypeToScriptingClass (9ms)
	initialDomainReloadingComplete (42ms)
	LoadAllAssembliesAndSetupDomain (137ms)
		LoadAssemblies (108ms)
		RebuildTransferFunctionScriptingTraits (0ms)
		AnalyzeDomain (134ms)
			TypeCache.Refresh (133ms)
				TypeCache.ScanAssembly (122ms)
			BuildScriptInfoCaches (0ms)
			ResolveRequiredComponents (1ms)
	FinalizeReload (608ms)
		ReleaseScriptCaches (0ms)
		RebuildScriptCaches (0ms)
		SetupLoadedEditorAssemblies (575ms)
			LogAssemblyErrors (0ms)
			InitializePlatformSupportModulesInManaged (338ms)
			SetLoadedEditorAssemblies (4ms)
			BeforeProcessingInitializeOnLoad (48ms)
			ProcessInitializeOnLoadAttributes (131ms)
			ProcessInitializeOnLoadMethodAttributes (54ms)
			AfterProcessingInitializeOnLoad (0ms)
			EditorAssembliesLoaded (0ms)
		ExecutionOrderSort2 (0ms)
		AwakeInstancesAfterBackupRestoration (0ms)
Assembly reference Packages/com.unity.cinemachine/Editor/Samples/ExposeHDRPInternals/HDRP-Editor-ref.asmref has no target assembly definition
========================================================================
Worker process is ready to serve import requests
Import Worker Mode flag is 0x00
Assembly reference Packages/com.unity.cinemachine/Editor/Samples/ExposeHDRPInternals/HDRP-Editor-ref.asmref has no target assembly definition
Assembly reference Packages/com.unity.cinemachine/Editor/Samples/ExposeHDRPInternals/HDRP-Editor-ref.asmref has no target assembly definition
Begin MonoManager ReloadAssembly
Symbol file LoadedFromMemory is not a mono symbol file
Symbol file LoadedFromMemory is not a mono symbol file
Symbol file LoadedFromMemory is not a mono symbol file
- Loaded All Assemblies, in  0.660 seconds
Assembly reference Packages/com.unity.cinemachine/Editor/Samples/ExposeHDRPInternals/HDRP-Editor-ref.asmref has no target assembly definition
'Packages/com.unity.cinemachine/Editor/Obsolete/CinemachineVirtualCameraBaseEditor.cs' contains partial class of Unity.Object, exactly 1 of the partial classes needs to be in a file with the same filename. This is to know the one that can be referenced from ie. GameObjects
'Packages/com.unity.cinemachine/Editor/Editors/CinemachineVirtualCameraBaseEditor.cs' contains partial class of Unity.Object, exactly 1 of the partial classes needs to be in a file with the same filename. This is to know the one that can be referenced from ie. GameObjects
Refreshing native plugins compatible for Editor in 3.66 ms, found 4 plugins.
Native extension for iOS target not found
Native extension for Android target not found
Native extension for WindowsStandalone target not found
Assembly reference Packages/com.unity.cinemachine/Editor/Samples/ExposeHDRPInternals/HDRP-Editor-ref.asmref has no target assembly definition
Package Manager log level set to [2]
[Package Manager] Failed to launch server process. Reason: Unity was launched with the -noUpm command-line argument
[Package Manager] Unable to send message (not connected to server process).
[Package Manager] Cannot connect to Unity Package Manager local server
Refreshing native plugins compatible for Editor in 3.48 ms, found 4 plugins.
Mono: successfully reloaded assembly
- Finished resetting the current domain, in  0.509 seconds
Domain Reload Profiling: 1165ms
	BeginReloadAssembly (151ms)
		ExecutionOrderSort (0ms)
		DisableScriptedObjects (7ms)
		BackupInstance (0ms)
		ReleaseScriptingObjects (0ms)
		CreateAndSetChildDomain (28ms)
	RebuildCommonClasses (28ms)
	RebuildNativeTypeToScriptingClass (9ms)
	initialDomainReloadingComplete (34ms)
	LoadAllAssembliesAndSetupDomain (434ms)
		LoadAssemblies (331ms)
		RebuildTransferFunctionScriptingTraits (0ms)
		AnalyzeDomain (189ms)
			TypeCache.Refresh (153ms)
				TypeCache.ScanAssembly (137ms)
			BuildScriptInfoCaches (29ms)
			ResolveRequiredComponents (6ms)
	FinalizeReload (509ms)
		ReleaseScriptCaches (0ms)
		RebuildScriptCaches (0ms)
		SetupLoadedEditorAssemblies (416ms)
			LogAssemblyErrors (0ms)
			InitializePlatformSupportModulesInManaged (15ms)
			SetLoadedEditorAssemblies (3ms)
			BeforeProcessingInitializeOnLoad (80ms)
			ProcessInitializeOnLoadAttributes (293ms)
			ProcessInitializeOnLoadMethodAttributes (21ms)
			AfterProcessingInitializeOnLoad (5ms)
			EditorAssembliesLoaded (0ms)
		ExecutionOrderSort2 (0ms)
		AwakeInstancesAfterBackupRestoration (6ms)
Launched and connected shader compiler UnityShaderCompiler.exe after 0.02 seconds
Refreshing native plugins compatible for Editor in 5.50 ms, found 4 plugins.
Preloading 0 native plugins for Editor in 0.00 ms.
Unloading 31 Unused Serialized files (Serialized files now loaded: 0)
Unloading 4861 unused Assets / (1.8 MB). Loaded Objects now: 5330.
Memory consumption went from 99.2 MB to 97.4 MB.
Total: 9.234200 ms (FindLiveObjects: 0.464900 ms CreateObjectMapping: 0.618800 ms MarkObjects: 6.207600 ms  DeleteObjects: 1.941100 ms)

========================================================================
Received Import Request.
  Time since last request: 3540.710905 seconds.
  path: Assets/Figma/Pages/Page 1.prefab
  artifactKey: Guid(c51c9da5b8a4e19468769e0d7c241a8b) Importer(815301076,1909f56bfc062723c751e8b465ee728b)
Start importing Assets/Figma/Pages/Page 1.prefab using Guid(c51c9da5b8a4e19468769e0d7c241a8b) Importer(815301076,1909f56bfc062723c751e8b465ee728b) (PreviewImporter) -> (artifact id: '23c8f1d2fead6f55b5be41ab13ade26d') in 0.0800824 seconds
Number of updated asset objects reloaded before import = 0Number of asset objects unloaded after import = 968

========================================================================
Received Prepare
Assembly reference Packages/com.unity.cinemachine/Editor/Samples/ExposeHDRPInternals/HDRP-Editor-ref.asmref has no target assembly definition
Assembly reference Packages/com.unity.cinemachine/Editor/Samples/ExposeHDRPInternals/HDRP-Editor-ref.asmref has no target assembly definition
Begin MonoManager ReloadAssembly
Symbol file LoadedFromMemory is not a mono symbol file
Symbol file LoadedFromMemory is not a mono symbol file
Symbol file LoadedFromMemory is not a mono symbol file
- Loaded All Assemblies, in  0.695 seconds
Assembly reference Packages/com.unity.cinemachine/Editor/Samples/ExposeHDRPInternals/HDRP-Editor-ref.asmref has no target assembly definition
'Packages/com.unity.cinemachine/Editor/Obsolete/CinemachineVirtualCameraBaseEditor.cs' contains partial class of Unity.Object, exactly 1 of the partial classes needs to be in a file with the same filename. This is to know the one that can be referenced from ie. GameObjects
'Packages/com.unity.cinemachine/Editor/Editors/CinemachineVirtualCameraBaseEditor.cs' contains partial class of Unity.Object, exactly 1 of the partial classes needs to be in a file with the same filename. This is to know the one that can be referenced from ie. GameObjects
Refreshing native plugins compatible for Editor in 3.44 ms, found 4 plugins.
Native extension for iOS target not found
Native extension for Android target not found
Native extension for WindowsStandalone target not found
Assembly reference Packages/com.unity.cinemachine/Editor/Samples/ExposeHDRPInternals/HDRP-Editor-ref.asmref has no target assembly definition
[Package Manager] Failed to launch server process. Reason: Unity was launched with the -noUpm command-line argument
[Package Manager] Unable to send message (not connected to server process).
[Package Manager] Cannot connect to Unity Package Manager local server
Mono: successfully reloaded assembly
- Finished resetting the current domain, in  0.424 seconds
Domain Reload Profiling: 1118ms
	BeginReloadAssembly (233ms)
		ExecutionOrderSort (0ms)
		DisableScriptedObjects (4ms)
		BackupInstance (0ms)
		ReleaseScriptingObjects (0ms)
		CreateAndSetChildDomain (42ms)
	RebuildCommonClasses (55ms)
	RebuildNativeTypeToScriptingClass (25ms)
	initialDomainReloadingComplete (34ms)
	LoadAllAssembliesAndSetupDomain (346ms)
		LoadAssemblies (365ms)
		RebuildTransferFunctionScriptingTraits (0ms)
		AnalyzeDomain (135ms)
			TypeCache.Refresh (6ms)
				TypeCache.ScanAssembly (0ms)
			BuildScriptInfoCaches (120ms)
			ResolveRequiredComponents (5ms)
	FinalizeReload (424ms)
		ReleaseScriptCaches (0ms)
		RebuildScriptCaches (0ms)
		SetupLoadedEditorAssemblies (335ms)
			LogAssemblyErrors (0ms)
			InitializePlatformSupportModulesInManaged (13ms)
			SetLoadedEditorAssemblies (3ms)
			BeforeProcessingInitializeOnLoad (69ms)
			ProcessInitializeOnLoadAttributes (229ms)
			ProcessInitializeOnLoadMethodAttributes (17ms)
			AfterProcessingInitializeOnLoad (4ms)
			EditorAssembliesLoaded (0ms)
		ExecutionOrderSort2 (0ms)
		AwakeInstancesAfterBackupRestoration (5ms)
Refreshing native plugins compatible for Editor in 6.11 ms, found 4 plugins.
Preloading 0 native plugins for Editor in 0.00 ms.
Unloading 2 Unused Serialized files (Serialized files now loaded: 0)
Unloading 4859 unused Assets / (1.8 MB). Loaded Objects now: 5334.
Memory consumption went from 94.4 MB to 92.7 MB.
Total: 8.682500 ms (FindLiveObjects: 0.731300 ms CreateObjectMapping: 0.591900 ms MarkObjects: 5.479100 ms  DeleteObjects: 1.878900 ms)

Prepare: number of updated asset objects reloaded= 0
========================================================================
Received Prepare
Assembly reference Packages/com.unity.cinemachine/Editor/Samples/ExposeHDRPInternals/HDRP-Editor-ref.asmref has no target assembly definition
Assembly reference Packages/com.unity.cinemachine/Editor/Samples/ExposeHDRPInternals/HDRP-Editor-ref.asmref has no target assembly definition
Begin MonoManager ReloadAssembly
Symbol file LoadedFromMemory is not a mono symbol file
Symbol file LoadedFromMemory is not a mono symbol file
Symbol file LoadedFromMemory is not a mono symbol file
- Loaded All Assemblies, in  0.554 seconds
Assembly reference Packages/com.unity.cinemachine/Editor/Samples/ExposeHDRPInternals/HDRP-Editor-ref.asmref has no target assembly definition
'Packages/com.unity.cinemachine/Editor/Obsolete/CinemachineVirtualCameraBaseEditor.cs' contains partial class of Unity.Object, exactly 1 of the partial classes needs to be in a file with the same filename. This is to know the one that can be referenced from ie. GameObjects
'Packages/com.unity.cinemachine/Editor/Editors/CinemachineVirtualCameraBaseEditor.cs' contains partial class of Unity.Object, exactly 1 of the partial classes needs to be in a file with the same filename. This is to know the one that can be referenced from ie. GameObjects
Refreshing native plugins compatible for Editor in 3.65 ms, found 4 plugins.
Native extension for iOS target not found
Native extension for Android target not found
Native extension for WindowsStandalone target not found
Assembly reference Packages/com.unity.cinemachine/Editor/Samples/ExposeHDRPInternals/HDRP-Editor-ref.asmref has no target assembly definition
[Package Manager] Failed to launch server process. Reason: Unity was launched with the -noUpm command-line argument
[Package Manager] Unable to send message (not connected to server process).
[Package Manager] Cannot connect to Unity Package Manager local server
Mono: successfully reloaded assembly
- Finished resetting the current domain, in  0.448 seconds
Domain Reload Profiling: 1001ms
	BeginReloadAssembly (147ms)
		ExecutionOrderSort (0ms)
		DisableScriptedObjects (3ms)
		BackupInstance (0ms)
		ReleaseScriptingObjects (0ms)
		CreateAndSetChildDomain (33ms)
	RebuildCommonClasses (28ms)
	RebuildNativeTypeToScriptingClass (13ms)
	initialDomainReloadingComplete (23ms)
	LoadAllAssembliesAndSetupDomain (342ms)
		LoadAssemblies (277ms)
		RebuildTransferFunctionScriptingTraits (0ms)
		AnalyzeDomain (143ms)
			TypeCache.Refresh (6ms)
				TypeCache.ScanAssembly (0ms)
			BuildScriptInfoCaches (125ms)
			ResolveRequiredComponents (8ms)
	FinalizeReload (448ms)
		ReleaseScriptCaches (0ms)
		RebuildScriptCaches (0ms)
		SetupLoadedEditorAssemblies (355ms)
			LogAssemblyErrors (0ms)
			InitializePlatformSupportModulesInManaged (13ms)
			SetLoadedEditorAssemblies (2ms)
			BeforeProcessingInitializeOnLoad (65ms)
			ProcessInitializeOnLoadAttributes (246ms)
			ProcessInitializeOnLoadMethodAttributes (21ms)
			AfterProcessingInitializeOnLoad (8ms)
			EditorAssembliesLoaded (0ms)
		ExecutionOrderSort2 (0ms)
		AwakeInstancesAfterBackupRestoration (5ms)
Refreshing native plugins compatible for Editor in 5.60 ms, found 4 plugins.
Preloading 0 native plugins for Editor in 0.00 ms.
Unloading 1 Unused Serialized files (Serialized files now loaded: 0)
Unloading 4859 unused Assets / (1.0 MB). Loaded Objects now: 5334.
Memory consumption went from 94.3 MB to 93.3 MB.
Total: 7.481600 ms (FindLiveObjects: 0.499600 ms CreateObjectMapping: 0.538600 ms MarkObjects: 5.023400 ms  DeleteObjects: 1.417400 ms)

Prepare: number of updated asset objects reloaded= 0
========================================================================
Received Import Request.
  Time since last request: 508.633085 seconds.
  path: Assets/Mapbox/Examples/Resources/maki/tennis-15.png
  artifactKey: Guid(8d18b54c5e9a44f46a18d7585f895a87) Importer(815301076,1909f56bfc062723c751e8b465ee728b)
Start importing Assets/Mapbox/Examples/Resources/maki/tennis-15.png using Guid(8d18b54c5e9a44f46a18d7585f895a87) Importer(815301076,1909f56bfc062723c751e8b465ee728b) (PreviewImporter) -> (artifact id: '5b338e2b520d96d4627665ca00ee552d') in 0.1435363 seconds
Number of updated asset objects reloaded before import = 0Number of asset objects unloaded after import = 3

========================================================================
Received Import Request.
  Time since last request: 0.000030 seconds.
  path: Assets/Mapbox/Examples/Resources/maki/zoo-15.png
  artifactKey: Guid(8e1b3d7011cd4ff4bb10438e495d6073) Importer(815301076,1909f56bfc062723c751e8b465ee728b)
Start importing Assets/Mapbox/Examples/Resources/maki/zoo-15.png using Guid(8e1b3d7011cd4ff4bb10438e495d6073) Importer(815301076,1909f56bfc062723c751e8b465ee728b) (PreviewImporter) -> (artifact id: '2de9501cfa8186fd835334b23b620d33') in 0.0137331 seconds
Number of updated asset objects reloaded before import = 0Number of asset objects unloaded after import = 3

========================================================================
Received Import Request.
  Time since last request: 0.000035 seconds.
  path: Assets/Mapbox/Examples/Resources/maki/wheelchair-15.png
  artifactKey: Guid(c2cc9bfd9d26ce146bed5db4dc5bfff2) Importer(815301076,1909f56bfc062723c751e8b465ee728b)
Start importing Assets/Mapbox/Examples/Resources/maki/wheelchair-15.png using Guid(c2cc9bfd9d26ce146bed5db4dc5bfff2) Importer(815301076,1909f56bfc062723c751e8b465ee728b) (PreviewImporter) -> (artifact id: 'e8acb15e2f4ad379e86da0e3892ed3e6') in 0.0118929 seconds
Number of updated asset objects reloaded before import = 0Number of asset objects unloaded after import = 3

========================================================================
Received Import Request.
  Time since last request: 0.000051 seconds.
  path: Assets/Mapbox/Examples/Resources/maki/town-hall-15.png
  artifactKey: Guid(9102b449df46d244c852c3c6e92f99dc) Importer(815301076,1909f56bfc062723c751e8b465ee728b)
Start importing Assets/Mapbox/Examples/Resources/maki/town-hall-15.png using Guid(9102b449df46d244c852c3c6e92f99dc) Importer(815301076,1909f56bfc062723c751e8b465ee728b) (PreviewImporter) -> (artifact id: '3613a893e5e85dfe8462c589f41e5b6b') in 0.0163684 seconds
Number of updated asset objects reloaded before import = 0Number of asset objects unloaded after import = 3

========================================================================
Received Import Request.
  Time since last request: 0.000046 seconds.
  path: Assets/Mapbox/Examples/Resources/maki/triangle-15.png
  artifactKey: Guid(f54f3a126717f974284272da3d701b5b) Importer(815301076,1909f56bfc062723c751e8b465ee728b)
Start importing Assets/Mapbox/Examples/Resources/maki/triangle-15.png using Guid(f54f3a126717f974284272da3d701b5b) Importer(815301076,1909f56bfc062723c751e8b465ee728b) (PreviewImporter) -> (artifact id: 'bf1b60e057abb543b28ed4af81789a78') in 0.022389 seconds
Number of updated asset objects reloaded before import = 0Number of asset objects unloaded after import = 3

========================================================================
Received Import Request.
  Time since last request: 0.000021 seconds.
  path: Assets/Mapbox/Examples/Resources/maki/veterinary-15.png
  artifactKey: Guid(a8bea32fe84c3c94eb3de19a3a15057a) Importer(815301076,1909f56bfc062723c751e8b465ee728b)
Start importing Assets/Mapbox/Examples/Resources/maki/veterinary-15.png using Guid(a8bea32fe84c3c94eb3de19a3a15057a) Importer(815301076,1909f56bfc062723c751e8b465ee728b) (PreviewImporter) -> (artifact id: 'f6fc05f99c897cc628d9afa5a589b79d') in 0.0102891 seconds
Number of updated asset objects reloaded before import = 0Number of asset objects unloaded after import = 3

========================================================================
Received Import Request.
  Time since last request: 0.000076 seconds.
  path: Assets/Mapbox/Examples/Resources/maki/warehouse-15.png
  artifactKey: Guid(3d9903eae716f93498931cff4806f1e9) Importer(815301076,1909f56bfc062723c751e8b465ee728b)
Start importing Assets/Mapbox/Examples/Resources/maki/warehouse-15.png using Guid(3d9903eae716f93498931cff4806f1e9) Importer(815301076,1909f56bfc062723c751e8b465ee728b) (PreviewImporter) -> (artifact id: '41d0e529e465cecb57e3963bf077f3ab') in 0.0191686 seconds
Number of updated asset objects reloaded before import = 0Number of asset objects unloaded after import = 3

========================================================================
Received Import Request.
  Time since last request: 0.000041 seconds.
  path: Assets/Mapbox/Examples/6_ZoomableMap/Screenshots/ZoomableMap.png
  artifactKey: Guid(f1321adbaa6e24299bb58ab33ad3adf9) Importer(815301076,1909f56bfc062723c751e8b465ee728b)
Start importing Assets/Mapbox/Examples/6_ZoomableMap/Screenshots/ZoomableMap.png using Guid(f1321adbaa6e24299bb58ab33ad3adf9) Importer(815301076,1909f56bfc062723c751e8b465ee728b) (PreviewImporter) -> (artifact id: '90ed1f3d7ae3b3acfc80d284200c93df') in 0.0416483 seconds
Number of updated asset objects reloaded before import = 0Number of asset objects unloaded after import = 3

========================================================================
Received Import Request.
  Time since last request: 0.000020 seconds.
  path: Assets/Mapbox/Examples/Resources/maki/triangle-stroked-15.png
  artifactKey: Guid(46b1eee3e283d73438cf428363f6d37b) Importer(815301076,1909f56bfc062723c751e8b465ee728b)
Start importing Assets/Mapbox/Examples/Resources/maki/triangle-stroked-15.png using Guid(46b1eee3e283d73438cf428363f6d37b) Importer(815301076,1909f56bfc062723c751e8b465ee728b) (PreviewImporter) -> (artifact id: '1ad7e684d004316decf65c72ce8f386e') in 0.0160719 seconds
Number of updated asset objects reloaded before import = 0Number of asset objects unloaded after import = 3

========================================================================
Received Import Request.
  Time since last request: 0.000044 seconds.
  path: Assets/Mapbox/Examples/1_DataExplorer/Screenshots/TrafficAndDirections.png
  artifactKey: Guid(9f8dc63149c4c452fb12fa47be6bb6c9) Importer(815301076,1909f56bfc062723c751e8b465ee728b)
Start importing Assets/Mapbox/Examples/1_DataExplorer/Screenshots/TrafficAndDirections.png using Guid(9f8dc63149c4c452fb12fa47be6bb6c9) Importer(815301076,1909f56bfc062723c751e8b465ee728b) (PreviewImporter) -> (artifact id: 'fa29acf107518806144a553d9813b6aa') in 0.0297334 seconds
Number of updated asset objects reloaded before import = 0Number of asset objects unloaded after import = 3

========================================================================
Received Import Request.
  Time since last request: 0.287864 seconds.
  path: Assets/Mapbox/Examples/Resources/maki/star-15.png
  artifactKey: Guid(4412d2f8f47b513428b2823fa66d55e5) Importer(815301076,1909f56bfc062723c751e8b465ee728b)
Start importing Assets/Mapbox/Examples/Resources/maki/star-15.png using Guid(4412d2f8f47b513428b2823fa66d55e5) Importer(815301076,1909f56bfc062723c751e8b465ee728b) (PreviewImporter) -> (artifact id: 'f79affa50b302d98723af5317dfa203e') in 0.0104346 seconds
Number of updated asset objects reloaded before import = 0Number of asset objects unloaded after import = 3

========================================================================
Received Import Request.
  Time since last request: 0.000067 seconds.
  path: Assets/Mapbox/Examples/Resources/maki/suitcase-15.png
  artifactKey: Guid(c071dad9d3050a54e80551cddd9b7021) Importer(815301076,1909f56bfc062723c751e8b465ee728b)
Start importing Assets/Mapbox/Examples/Resources/maki/suitcase-15.png using Guid(c071dad9d3050a54e80551cddd9b7021) Importer(815301076,1909f56bfc062723c751e8b465ee728b) (PreviewImporter) -> (artifact id: '2411c7a117d7444524ed1a50006d25fc') in 0.0087793 seconds
Number of updated asset objects reloaded before import = 0Number of asset objects unloaded after import = 3

========================================================================
Received Import Request.
  Time since last request: 0.000033 seconds.
  path: Assets/Mapbox/Examples/Resources/maki/telephone-15.png
  artifactKey: Guid(ac8cf0225fee67d4f86b968f8ed64468) Importer(815301076,1909f56bfc062723c751e8b465ee728b)
Start importing Assets/Mapbox/Examples/Resources/maki/telephone-15.png using Guid(ac8cf0225fee67d4f86b968f8ed64468) Importer(815301076,1909f56bfc062723c751e8b465ee728b) (PreviewImporter) -> (artifact id: '9b33a69a58a096a0a9863684bfdd0225') in 0.0093443 seconds
Number of updated asset objects reloaded before import = 0Number of asset objects unloaded after import = 3

========================================================================
Received Import Request.
  Time since last request: 0.000240 seconds.
  path: Assets/Mapbox/Examples/Resources/maki/swimming-15.png
  artifactKey: Guid(efae5cfb6e53ae8409aecbf7eef40ac1) Importer(815301076,1909f56bfc062723c751e8b465ee728b)
Start importing Assets/Mapbox/Examples/Resources/maki/swimming-15.png using Guid(efae5cfb6e53ae8409aecbf7eef40ac1) Importer(815301076,1909f56bfc062723c751e8b465ee728b) (PreviewImporter) -> (artifact id: '661fcc2b4ec72cc53afeb218d19411b1') in 0.0088602 seconds
Number of updated asset objects reloaded before import = 0Number of asset objects unloaded after import = 3

========================================================================
Received Import Request.
  Time since last request: 0.033353 seconds.
  path: Packages/com.simonoliver.unityfigma/Docs/SelectPage.png
  artifactKey: Guid(46bdfb723f275c241a5ee6e8b7189610) Importer(815301076,1909f56bfc062723c751e8b465ee728b)
Start importing Packages/com.simonoliver.unityfigma/Docs/SelectPage.png using Guid(46bdfb723f275c241a5ee6e8b7189610) Importer(815301076,1909f56bfc062723c751e8b465ee728b) (PreviewImporter) -> (artifact id: 'b4db5f4b065e166d808eff4506e9499f') in 0.0098864 seconds
Number of updated asset objects reloaded before import = 0Number of asset objects unloaded after import = 3

========================================================================
Received Import Request.
  Time since last request: 0.000081 seconds.
  path: Assets/Mapbox/Examples/Resources/maki/skiing-15.png
  artifactKey: Guid(66d1cceae098bc24fa8232e4a5eff25e) Importer(815301076,1909f56bfc062723c751e8b465ee728b)
Start importing Assets/Mapbox/Examples/Resources/maki/skiing-15.png using Guid(66d1cceae098bc24fa8232e4a5eff25e) Importer(815301076,1909f56bfc062723c751e8b465ee728b) (PreviewImporter) -> (artifact id: 'ccd0d1c6c4b8819cc7d251a788b11447') in 0.0097575 seconds
Number of updated asset objects reloaded before import = 0Number of asset objects unloaded after import = 3

========================================================================
Received Import Request.
  Time since last request: 0.000133 seconds.
  path: Assets/Mapbox/Examples/Resources/maki/stadium-15.png
  artifactKey: Guid(5cd344da491f1044ba6206898a1e79f0) Importer(815301076,1909f56bfc062723c751e8b465ee728b)
Start importing Assets/Mapbox/Examples/Resources/maki/stadium-15.png using Guid(5cd344da491f1044ba6206898a1e79f0) Importer(815301076,1909f56bfc062723c751e8b465ee728b) (PreviewImporter) -> (artifact id: '743b9e3ad807e274aca41fcffaa6c7f6') in 0.007933 seconds
Number of updated asset objects reloaded before import = 0Number of asset objects unloaded after import = 3

========================================================================
Received Import Request.
  Time since last request: 0.000046 seconds.
  path: Assets/Mapbox/Examples/Resources/maki/square-15.png
  artifactKey: Guid(d20eb1ed6e139ec448e72058bfbf4e2d) Importer(815301076,1909f56bfc062723c751e8b465ee728b)
Start importing Assets/Mapbox/Examples/Resources/maki/square-15.png using Guid(d20eb1ed6e139ec448e72058bfbf4e2d) Importer(815301076,1909f56bfc062723c751e8b465ee728b) (PreviewImporter) -> (artifact id: 'd3a8642daa9d54740e12b4c7faaad353') in 0.0095871 seconds
Number of updated asset objects reloaded before import = 0Number of asset objects unloaded after import = 3

========================================================================
Received Import Request.
  Time since last request: 0.141545 seconds.
  path: Assets/Mapbox/Examples/Resources/maki/religious-muslim-15.png
  artifactKey: Guid(b53bccd9065361e45b022c2778c6cdf7) Importer(815301076,1909f56bfc062723c751e8b465ee728b)
Start importing Assets/Mapbox/Examples/Resources/maki/religious-muslim-15.png using Guid(b53bccd9065361e45b022c2778c6cdf7) Importer(815301076,1909f56bfc062723c751e8b465ee728b) (PreviewImporter) -> (artifact id: '6af1495daa7a97815a80d0e20a968511') in 0.0089779 seconds
Number of updated asset objects reloaded before import = 0Number of asset objects unloaded after import = 3

========================================================================
Received Import Request.
  Time since last request: 0.000022 seconds.
  path: Assets/Mapbox/Examples/Textures/RoundCornerStroke.png
  artifactKey: Guid(57f0feb9c22325a428aed5b9785af52a) Importer(815301076,1909f56bfc062723c751e8b465ee728b)
Start importing Assets/Mapbox/Examples/Textures/RoundCornerStroke.png using Guid(57f0feb9c22325a428aed5b9785af52a) Importer(815301076,1909f56bfc062723c751e8b465ee728b) (PreviewImporter) -> (artifact id: '7099d1424d5b9ea1cb5a79e14c866b20') in 0.0116362 seconds
Number of updated asset objects reloaded before import = 0Number of asset objects unloaded after import = 3

========================================================================
Received Import Request.
  Time since last request: 0.000048 seconds.
  path: Assets/Mapbox/Examples/Resources/maki/restaurant-15.png
  artifactKey: Guid(c57d8ad3580afa9469a25d7f694c7ef4) Importer(815301076,1909f56bfc062723c751e8b465ee728b)
Start importing Assets/Mapbox/Examples/Resources/maki/restaurant-15.png using Guid(c57d8ad3580afa9469a25d7f694c7ef4) Importer(815301076,1909f56bfc062723c751e8b465ee728b) (PreviewImporter) -> (artifact id: 'c79415937327f14f8c4b465c2004b44d') in 0.0077942 seconds
Number of updated asset objects reloaded before import = 0Number of asset objects unloaded after import = 3

========================================================================
Received Import Request.
  Time since last request: 0.000021 seconds.
  path: Assets/Mapbox/Examples/Resources/maki/residential-community-15.png
  artifactKey: Guid(8b6e08736bb6cfc47adf26d30168a112) Importer(815301076,1909f56bfc062723c751e8b465ee728b)
Start importing Assets/Mapbox/Examples/Resources/maki/residential-community-15.png using Guid(8b6e08736bb6cfc47adf26d30168a112) Importer(815301076,1909f56bfc062723c751e8b465ee728b) (PreviewImporter) -> (artifact id: '68b80361c7860be864226916b8721178') in 0.0092259 seconds
Number of updated asset objects reloaded before import = 0Number of asset objects unloaded after import = 3

========================================================================
Received Import Request.
  Time since last request: 0.011528 seconds.
  path: Assets/Mapbox/Examples/Resources/maki/post-15.png
  artifactKey: Guid(575593649cbd10747a88c83884d81fe9) Importer(815301076,1909f56bfc062723c751e8b465ee728b)
Start importing Assets/Mapbox/Examples/Resources/maki/post-15.png using Guid(575593649cbd10747a88c83884d81fe9) Importer(815301076,1909f56bfc062723c751e8b465ee728b) (PreviewImporter) -> (artifact id: 'e06bd7c0ba8905550ea5bccf3e8919a2') in 0.0071743 seconds
Number of updated asset objects reloaded before import = 0Number of asset objects unloaded after import = 3

========================================================================
Received Import Request.
  Time since last request: 0.000022 seconds.
  path: Assets/Mapbox/Examples/Resources/maki/ranger-station-15.png
  artifactKey: Guid(1c632f4cb235bf247898c559eddf4f66) Importer(815301076,1909f56bfc062723c751e8b465ee728b)
Start importing Assets/Mapbox/Examples/Resources/maki/ranger-station-15.png using Guid(1c632f4cb235bf247898c559eddf4f66) Importer(815301076,1909f56bfc062723c751e8b465ee728b) (PreviewImporter) -> (artifact id: '6d51fcd40eb762aaac9825d2cc1ae125') in 0.0081281 seconds
Number of updated asset objects reloaded before import = 0Number of asset objects unloaded after import = 3

========================================================================
Received Import Request.
  Time since last request: 0.000023 seconds.
  path: Assets/Mapbox/Examples/Resources/maki/religious-jewish-15.png
  artifactKey: Guid(a4f9d53ca33c92a4e85a53dcf2bcf83c) Importer(815301076,1909f56bfc062723c751e8b465ee728b)
Start importing Assets/Mapbox/Examples/Resources/maki/religious-jewish-15.png using Guid(a4f9d53ca33c92a4e85a53dcf2bcf83c) Importer(815301076,1909f56bfc062723c751e8b465ee728b) (PreviewImporter) -> (artifact id: '8ebd7236f2dc00306f897a268c5e2dfa') in 0.0093125 seconds
Number of updated asset objects reloaded before import = 0Number of asset objects unloaded after import = 3

========================================================================
Received Import Request.
  Time since last request: 0.000037 seconds.
  path: Assets/Mapbox/Examples/Resources/maki/rail-metro-15.png
  artifactKey: Guid(0028198a8e0c3f64889683cdc2419868) Importer(815301076,1909f56bfc062723c751e8b465ee728b)
Start importing Assets/Mapbox/Examples/Resources/maki/rail-metro-15.png using Guid(0028198a8e0c3f64889683cdc2419868) Importer(815301076,1909f56bfc062723c751e8b465ee728b) (PreviewImporter) -> (artifact id: 'ba5104ac912d64570692e11b2bc3a479') in 0.0089689 seconds
Number of updated asset objects reloaded before import = 0Number of asset objects unloaded after import = 3

========================================================================
Received Import Request.
  Time since last request: 0.000024 seconds.
  path: Assets/Mapbox/Examples/3_POIPlacement/Resources/poi-icon-food.png
  artifactKey: Guid(b9cd915d8be92437c936b03eedf3631c) Importer(815301076,1909f56bfc062723c751e8b465ee728b)
Start importing Assets/Mapbox/Examples/3_POIPlacement/Resources/poi-icon-food.png using Guid(b9cd915d8be92437c936b03eedf3631c) Importer(815301076,1909f56bfc062723c751e8b465ee728b) (PreviewImporter) -> (artifact id: 'c65168061511a182468813e11027654a') in 0.0120049 seconds
Number of updated asset objects reloaded before import = 0Number of asset objects unloaded after import = 3

========================================================================
Received Import Request.
  Time since last request: 0.000025 seconds.
  path: Assets/Mapbox/Examples/3_POIPlacement/Resources/poi-icon-shops.png
  artifactKey: Guid(e6aebe3a73e184e0d8196a1362a5c72e) Importer(815301076,1909f56bfc062723c751e8b465ee728b)
Start importing Assets/Mapbox/Examples/3_POIPlacement/Resources/poi-icon-shops.png using Guid(e6aebe3a73e184e0d8196a1362a5c72e) Importer(815301076,1909f56bfc062723c751e8b465ee728b) (PreviewImporter) -> (artifact id: '5985bc289cd338bb574de18f1e214938') in 0.0115273 seconds
Number of updated asset objects reloaded before import = 0Number of asset objects unloaded after import = 3

========================================================================
Received Import Request.
  Time since last request: 0.000029 seconds.
  path: Assets/Mapbox/Examples/3_POIPlacement/Resources/poi-icon-services.png
  artifactKey: Guid(b8b01d4fa12054e23ac744c58f0ce422) Importer(815301076,1909f56bfc062723c751e8b465ee728b)
Start importing Assets/Mapbox/Examples/3_POIPlacement/Resources/poi-icon-services.png using Guid(b8b01d4fa12054e23ac744c58f0ce422) Importer(815301076,1909f56bfc062723c751e8b465ee728b) (PreviewImporter) -> (artifact id: '3839eba54276a810694b351c13404942') in 0.0097099 seconds
Number of updated asset objects reloaded before import = 0Number of asset objects unloaded after import = 3

========================================================================
Received Import Request.
  Time since last request: 0.000018 seconds.
  path: Assets/Mapbox/Examples/3_POIPlacement/Resources/poi-icon-transportation.png
  artifactKey: Guid(fec5572521f52453397f564f556c168e) Importer(815301076,1909f56bfc062723c751e8b465ee728b)
Start importing Assets/Mapbox/Examples/3_POIPlacement/Resources/poi-icon-transportation.png using Guid(fec5572521f52453397f564f556c168e) Importer(815301076,1909f56bfc062723c751e8b465ee728b) (PreviewImporter) -> (artifact id: 'fc003039656c1422e2bcd17bb0812972') in 0.0102783 seconds
Number of updated asset objects reloaded before import = 0Number of asset objects unloaded after import = 3

========================================================================
Received Import Request.
  Time since last request: 0.349330 seconds.
  path: Assets/Mapbox/Examples/Resources/maki/parking-garage-15.png
  artifactKey: Guid(47cff5dacfd00fd4ab1ab91babe10ee8) Importer(815301076,1909f56bfc062723c751e8b465ee728b)
Start importing Assets/Mapbox/Examples/Resources/maki/parking-garage-15.png using Guid(47cff5dacfd00fd4ab1ab91babe10ee8) Importer(815301076,1909f56bfc062723c751e8b465ee728b) (PreviewImporter) -> (artifact id: '4181b4dd2b89aea274a44c55cbe9235e') in 0.00968 seconds
Number of updated asset objects reloaded before import = 0Number of asset objects unloaded after import = 3

========================================================================
Received Import Request.
  Time since last request: 0.000020 seconds.
  path: Assets/Mapbox/Examples/3_POIPlacement/Resources/poi-icon-default.png
  artifactKey: Guid(240e67c92465d4af09e98ac0ff6cb4e5) Importer(815301076,1909f56bfc062723c751e8b465ee728b)
Start importing Assets/Mapbox/Examples/3_POIPlacement/Resources/poi-icon-default.png using Guid(240e67c92465d4af09e98ac0ff6cb4e5) Importer(815301076,1909f56bfc062723c751e8b465ee728b) (PreviewImporter) -> (artifact id: '1cd23abffbb4be1927654ac75359a7fb') in 0.0104307 seconds
Number of updated asset objects reloaded before import = 0Number of asset objects unloaded after import = 3

========================================================================
Received Import Request.
  Time since last request: 0.000019 seconds.
  path: Assets/Mapbox/Examples/Resources/maki/pitch-15.png
  artifactKey: Guid(314c2e3662ce91f4286a32ff0c49d128) Importer(815301076,1909f56bfc062723c751e8b465ee728b)
Start importing Assets/Mapbox/Examples/Resources/maki/pitch-15.png using Guid(314c2e3662ce91f4286a32ff0c49d128) Importer(815301076,1909f56bfc062723c751e8b465ee728b) (PreviewImporter) -> (artifact id: '84e04afca0e2a436ad92e53b853fd4e4') in 0.0101887 seconds
Number of updated asset objects reloaded before import = 0Number of asset objects unloaded after import = 3

========================================================================
Received Import Request.
  Time since last request: 0.000039 seconds.
  path: Assets/Mapbox/Examples/Resources/maki/place-of-worship-15.png
  artifactKey: Guid(b145cd551fd36334f9d753a710b92ad6) Importer(815301076,1909f56bfc062723c751e8b465ee728b)
Start importing Assets/Mapbox/Examples/Resources/maki/place-of-worship-15.png using Guid(b145cd551fd36334f9d753a710b92ad6) Importer(815301076,1909f56bfc062723c751e8b465ee728b) (PreviewImporter) -> (artifact id: '409233089314b6bc66fa85387e339865') in 0.0093355 seconds
Number of updated asset objects reloaded before import = 0Number of asset objects unloaded after import = 3

========================================================================
Received Import Request.
  Time since last request: 0.000021 seconds.
  path: Assets/Mapbox/Examples/Resources/maki/marker-15.png
  artifactKey: Guid(b2b2af9fd67ea81428b7708fa4d8a368) Importer(815301076,1909f56bfc062723c751e8b465ee728b)
Start importing Assets/Mapbox/Examples/Resources/maki/marker-15.png using Guid(b2b2af9fd67ea81428b7708fa4d8a368) Importer(815301076,1909f56bfc062723c751e8b465ee728b) (PreviewImporter) -> (artifact id: '03d096582f924a63021fdb65a9bcba9e') in 0.0101096 seconds
Number of updated asset objects reloaded before import = 0Number of asset objects unloaded after import = 3

========================================================================
Received Import Request.
  Time since last request: 0.000019 seconds.
  path: Assets/Mapbox/Examples/Resources/maki/mountain-15.png
  artifactKey: Guid(af764933d03cc6842a2ba96bb60a6027) Importer(815301076,1909f56bfc062723c751e8b465ee728b)
Start importing Assets/Mapbox/Examples/Resources/maki/mountain-15.png using Guid(af764933d03cc6842a2ba96bb60a6027) Importer(815301076,1909f56bfc062723c751e8b465ee728b) (PreviewImporter) -> (artifact id: '49556c0e6ab1cb6f0a89701a720c42df') in 0.0110109 seconds
Number of updated asset objects reloaded before import = 0Number of asset objects unloaded after import = 3

========================================================================
Received Import Request.
  Time since last request: 0.000061 seconds.
  path: Assets/Mapbox/Examples/Resources/maki/museum-15.png
  artifactKey: Guid(3999b5224ddc48145ae2670712783cd7) Importer(815301076,1909f56bfc062723c751e8b465ee728b)
Start importing Assets/Mapbox/Examples/Resources/maki/museum-15.png using Guid(3999b5224ddc48145ae2670712783cd7) Importer(815301076,1909f56bfc062723c751e8b465ee728b) (PreviewImporter) -> (artifact id: '42d8014af61b57e2e343525b7f55a2a0') in 0.0123531 seconds
Number of updated asset objects reloaded before import = 0Number of asset objects unloaded after import = 3

========================================================================
Received Import Request.
  Time since last request: 0.000094 seconds.
  path: Assets/Mapbox/Examples/Resources/maki/parking-15.png
  artifactKey: Guid(1209017340b51ee40aed0e7a2eebaa8e) Importer(815301076,1909f56bfc062723c751e8b465ee728b)
Start importing Assets/Mapbox/Examples/Resources/maki/parking-15.png using Guid(1209017340b51ee40aed0e7a2eebaa8e) Importer(815301076,1909f56bfc062723c751e8b465ee728b) (PreviewImporter) -> (artifact id: '7411be169d359f1e823bf8d1766e9fcb') in 0.0102083 seconds
Number of updated asset objects reloaded before import = 0Number of asset objects unloaded after import = 3

========================================================================
Received Import Request.
  Time since last request: 0.000038 seconds.
  path: Assets/Mapbox/Examples/Resources/maki/laundry-15.png
  artifactKey: Guid(4e79a8954659c50499e271dbe9840250) Importer(815301076,1909f56bfc062723c751e8b465ee728b)
Start importing Assets/Mapbox/Examples/Resources/maki/laundry-15.png using Guid(4e79a8954659c50499e271dbe9840250) Importer(815301076,1909f56bfc062723c751e8b465ee728b) (PreviewImporter) -> (artifact id: '202062eabb2dbc0461bf868b73407047') in 0.0113058 seconds
Number of updated asset objects reloaded before import = 0Number of asset objects unloaded after import = 3

========================================================================
Received Import Request.
  Time since last request: 0.000059 seconds.
  path: Assets/Mapbox/Examples/Resources/maki/library-15.png
  artifactKey: Guid(11570ed0bcc394b48b43dc68a4d7259b) Importer(815301076,1909f56bfc062723c751e8b465ee728b)
Start importing Assets/Mapbox/Examples/Resources/maki/library-15.png using Guid(11570ed0bcc394b48b43dc68a4d7259b) Importer(815301076,1909f56bfc062723c751e8b465ee728b) (PreviewImporter) -> (artifact id: '04d311cf6791357c2469b4743e15d7bd') in 0.0103625 seconds
Number of updated asset objects reloaded before import = 0Number of asset objects unloaded after import = 3

========================================================================
Received Import Request.
  Time since last request: 0.000024 seconds.
  path: Assets/Mapbox/Examples/Resources/maki/lodging-15.png
  artifactKey: Guid(00f79eb9a8a2ba04baee091552d5a7f8) Importer(815301076,1909f56bfc062723c751e8b465ee728b)
Start importing Assets/Mapbox/Examples/Resources/maki/lodging-15.png using Guid(00f79eb9a8a2ba04baee091552d5a7f8) Importer(815301076,1909f56bfc062723c751e8b465ee728b) (PreviewImporter) -> (artifact id: 'c0e188f02d7da1a0503dedfb1a31fb4c') in 0.0096883 seconds
Number of updated asset objects reloaded before import = 0Number of asset objects unloaded after import = 3

========================================================================
Received Import Request.
  Time since last request: 0.000051 seconds.
  path: Assets/Mapbox/Examples/Resources/maki/landmark-15.png
  artifactKey: Guid(85a7e8da525d6d242b49c9d68f9b3a7d) Importer(815301076,1909f56bfc062723c751e8b465ee728b)
Start importing Assets/Mapbox/Examples/Resources/maki/landmark-15.png using Guid(85a7e8da525d6d242b49c9d68f9b3a7d) Importer(815301076,1909f56bfc062723c751e8b465ee728b) (PreviewImporter) -> (artifact id: '837d111e11c1c7c842389610fd5dc8e8') in 0.0093659 seconds
Number of updated asset objects reloaded before import = 0Number of asset objects unloaded after import = 3

========================================================================
Received Import Request.
  Time since last request: 0.097704 seconds.
  path: Assets/Mapbox/Examples/Resources/maki/harbor-15.png
  artifactKey: Guid(296d283c62a405146aaccf32d610de63) Importer(815301076,1909f56bfc062723c751e8b465ee728b)
Start importing Assets/Mapbox/Examples/Resources/maki/harbor-15.png using Guid(296d283c62a405146aaccf32d610de63) Importer(815301076,1909f56bfc062723c751e8b465ee728b) (PreviewImporter) -> (artifact id: 'a8c195a738f45589f45458a9cd5121f8') in 0.0096917 seconds
Number of updated asset objects reloaded before import = 0Number of asset objects unloaded after import = 3

========================================================================
Received Import Request.
  Time since last request: 0.000019 seconds.
  path: Assets/Mapbox/Examples/Resources/maki/heliport-15.png
  artifactKey: Guid(fa0d9d80fb3c5ff4296369b333ed48fc) Importer(815301076,1909f56bfc062723c751e8b465ee728b)
Start importing Assets/Mapbox/Examples/Resources/maki/heliport-15.png using Guid(fa0d9d80fb3c5ff4296369b333ed48fc) Importer(815301076,1909f56bfc062723c751e8b465ee728b) (PreviewImporter) -> (artifact id: '90013078ecaa13f0d7c8ac3b4cf1f102') in 0.0103996 seconds
Number of updated asset objects reloaded before import = 0Number of asset objects unloaded after import = 3

========================================================================
Received Import Request.
  Time since last request: 0.000022 seconds.
  path: Assets/Mapbox/Textures/info.png
  artifactKey: Guid(82852ff66538d44ccb63c5afc39708a5) Importer(815301076,1909f56bfc062723c751e8b465ee728b)
Start importing Assets/Mapbox/Textures/info.png using Guid(82852ff66538d44ccb63c5afc39708a5) Importer(815301076,1909f56bfc062723c751e8b465ee728b) (PreviewImporter) -> (artifact id: '988c4f9685ad5f31e7b3a927e89140fe') in 0.0112284 seconds
Number of updated asset objects reloaded before import = 0Number of asset objects unloaded after import = 3

========================================================================
Received Import Request.
  Time since last request: 0.000031 seconds.
  path: Assets/Mapbox/Examples/Resources/maki/information-15.png
  artifactKey: Guid(0e7170d1db3ecdd428a5d74d2c61d7a7) Importer(815301076,1909f56bfc062723c751e8b465ee728b)
Start importing Assets/Mapbox/Examples/Resources/maki/information-15.png using Guid(0e7170d1db3ecdd428a5d74d2c61d7a7) Importer(815301076,1909f56bfc062723c751e8b465ee728b) (PreviewImporter) -> (artifact id: '27e10e2d0404471b99f2560c400d975e') in 0.0103564 seconds
Number of updated asset objects reloaded before import = 0Number of asset objects unloaded after import = 3

========================================================================
Received Import Request.
  Time since last request: 0.000023 seconds.
  path: Assets/Mapbox/Examples/Resources/maki/gift-15.png
  artifactKey: Guid(c74f7947d1ae4e94687ce96d20f13911) Importer(815301076,1909f56bfc062723c751e8b465ee728b)
Start importing Assets/Mapbox/Examples/Resources/maki/gift-15.png using Guid(c74f7947d1ae4e94687ce96d20f13911) Importer(815301076,1909f56bfc062723c751e8b465ee728b) (PreviewImporter) -> (artifact id: '117e503d76f263647c8df690757af9c7') in 0.0086245 seconds
Number of updated asset objects reloaded before import = 0Number of asset objects unloaded after import = 3

========================================================================
Received Import Request.
  Time since last request: 0.000019 seconds.
  path: Assets/Mapbox/Examples/Resources/maki/golf-15.png
  artifactKey: Guid(044a933bd37f21548b2dc707d4295a88) Importer(815301076,1909f56bfc062723c751e8b465ee728b)
Start importing Assets/Mapbox/Examples/Resources/maki/golf-15.png using Guid(044a933bd37f21548b2dc707d4295a88) Importer(815301076,1909f56bfc062723c751e8b465ee728b) (PreviewImporter) -> (artifact id: '08c4cae64f63dbce106373cac160e566') in 0.0074859 seconds
Number of updated asset objects reloaded before import = 0Number of asset objects unloaded after import = 3

========================================================================
Received Import Request.
  Time since last request: 0.000016 seconds.
  path: Assets/Mapbox/Examples/Resources/maki/garden-center-15.png
  artifactKey: Guid(5c6243868d2d4334b85bb86f416e0815) Importer(815301076,1909f56bfc062723c751e8b465ee728b)
Start importing Assets/Mapbox/Examples/Resources/maki/garden-center-15.png using Guid(5c6243868d2d4334b85bb86f416e0815) Importer(815301076,1909f56bfc062723c751e8b465ee728b) (PreviewImporter) -> (artifact id: '949ea6f2af5556ca8b7242470d8f2983') in 0.0072683 seconds
Number of updated asset objects reloaded before import = 0Number of asset objects unloaded after import = 3

========================================================================
Received Import Request.
  Time since last request: 0.000015 seconds.
  path: Assets/Mapbox/Examples/Resources/maki/hairdresser-15.png
  artifactKey: Guid(01409860606035441b711d6c87d7e181) Importer(815301076,1909f56bfc062723c751e8b465ee728b)
Start importing Assets/Mapbox/Examples/Resources/maki/hairdresser-15.png using Guid(01409860606035441b711d6c87d7e181) Importer(815301076,1909f56bfc062723c751e8b465ee728b) (PreviewImporter) -> (artifact id: 'ee7d50676e798daa8ac944847bb480a4') in 0.0092519 seconds
Number of updated asset objects reloaded before import = 0Number of asset objects unloaded after import = 3

========================================================================
Received Import Request.
  Time since last request: 0.000018 seconds.
  path: Assets/Mapbox/Examples/1_DataExplorer/Screenshots/DataExplorer.png
  artifactKey: Guid(1b7a3200c45d3425bbf8e891123932d8) Importer(815301076,1909f56bfc062723c751e8b465ee728b)
Start importing Assets/Mapbox/Examples/1_DataExplorer/Screenshots/DataExplorer.png using Guid(1b7a3200c45d3425bbf8e891123932d8) Importer(815301076,1909f56bfc062723c751e8b465ee728b) (PreviewImporter) -> (artifact id: '757d7ad7c3862633c0d63b3cdeb00c09') in 0.0089718 seconds
Number of updated asset objects reloaded before import = 0Number of asset objects unloaded after import = 3

========================================================================
Received Import Request.
  Time since last request: 0.000017 seconds.
  path: Assets/Mapbox/Examples/Resources/maki/dentist-15.png
  artifactKey: Guid(2921798e98d01c3459536b3c2a0718d0) Importer(815301076,1909f56bfc062723c751e8b465ee728b)
Start importing Assets/Mapbox/Examples/Resources/maki/dentist-15.png using Guid(2921798e98d01c3459536b3c2a0718d0) Importer(815301076,1909f56bfc062723c751e8b465ee728b) (PreviewImporter) -> (artifact id: 'fdb1b9d84d4bb8fa2f9533e4b08949b3') in 0.0086054 seconds
Number of updated asset objects reloaded before import = 0Number of asset objects unloaded after import = 3

========================================================================
Received Import Request.
  Time since last request: 0.000019 seconds.
  path: Assets/Mapbox/Examples/Resources/maki/fire-station-15.png
  artifactKey: Guid(8a59d8df8265d594899cdd8315585374) Importer(815301076,1909f56bfc062723c751e8b465ee728b)
Start importing Assets/Mapbox/Examples/Resources/maki/fire-station-15.png using Guid(8a59d8df8265d594899cdd8315585374) Importer(815301076,1909f56bfc062723c751e8b465ee728b) (PreviewImporter) -> (artifact id: 'b97e5535f6b0cdfd81b72b360bf84d00') in 0.0073336 seconds
Number of updated asset objects reloaded before import = 0Number of asset objects unloaded after import = 3

========================================================================
Received Import Request.
  Time since last request: 0.000047 seconds.
  path: Assets/Mapbox/Examples/Resources/maki/entrance-15.png
  artifactKey: Guid(949c261a0f14ad5428ad79848d6a55e2) Importer(815301076,1909f56bfc062723c751e8b465ee728b)
Start importing Assets/Mapbox/Examples/Resources/maki/entrance-15.png using Guid(949c261a0f14ad5428ad79848d6a55e2) Importer(815301076,1909f56bfc062723c751e8b465ee728b) (PreviewImporter) -> (artifact id: 'c768358180d560ab77acc02de0716564') in 0.0082599 seconds
Number of updated asset objects reloaded before import = 0Number of asset objects unloaded after import = 3

========================================================================
Received Import Request.
  Time since last request: 0.000023 seconds.
  path: Assets/Mapbox/Examples/Resources/maki/drinking-water-15.png
  artifactKey: Guid(65e57bb4e4f224f4ca94062b5b177b9c) Importer(815301076,1909f56bfc062723c751e8b465ee728b)
Start importing Assets/Mapbox/Examples/Resources/maki/drinking-water-15.png using Guid(65e57bb4e4f224f4ca94062b5b177b9c) Importer(815301076,1909f56bfc062723c751e8b465ee728b) (PreviewImporter) -> (artifact id: 'a0b2a1c8d55faf3ab0795e8dcfe28eb2') in 0.0076777 seconds
Number of updated asset objects reloaded before import = 0Number of asset objects unloaded after import = 3

========================================================================
Received Import Request.
  Time since last request: 0.000065 seconds.
  path: Assets/Mapbox/Examples/Resources/maki/fuel-15.png
  artifactKey: Guid(1ec60ef03d932a643a4006ad13b12d9b) Importer(815301076,1909f56bfc062723c751e8b465ee728b)
Start importing Assets/Mapbox/Examples/Resources/maki/fuel-15.png using Guid(1ec60ef03d932a643a4006ad13b12d9b) Importer(815301076,1909f56bfc062723c751e8b465ee728b) (PreviewImporter) -> (artifact id: 'ebc32cbef9b2c21999fb5c3d6fa79fb9') in 0.009314 seconds
Number of updated asset objects reloaded before import = 0Number of asset objects unloaded after import = 3

========================================================================
Received Import Request.
  Time since last request: 0.000021 seconds.
  path: Assets/Mapbox/Examples/Resources/Frame.png
  artifactKey: Guid(08b4886c5f0c3ff44b22f58629865352) Importer(815301076,1909f56bfc062723c751e8b465ee728b)
Start importing Assets/Mapbox/Examples/Resources/Frame.png using Guid(08b4886c5f0c3ff44b22f58629865352) Importer(815301076,1909f56bfc062723c751e8b465ee728b) (PreviewImporter) -> (artifact id: '48da98c47343e902972d8a68d8a8a0ee') in 0.0156381 seconds
Number of updated asset objects reloaded before import = 0Number of asset objects unloaded after import = 3

========================================================================
Received Import Request.
  Time since last request: 0.092654 seconds.
  path: Assets/Mapbox/Examples/Resources/maki/college-15.png
  artifactKey: Guid(9c0c2e7fb3908094687b6cca597bf2e7) Importer(815301076,1909f56bfc062723c751e8b465ee728b)
Start importing Assets/Mapbox/Examples/Resources/maki/college-15.png using Guid(9c0c2e7fb3908094687b6cca597bf2e7) Importer(815301076,1909f56bfc062723c751e8b465ee728b) (PreviewImporter) -> (artifact id: '9d13ceee3537f4bee4a6c2fc0859cd5e') in 0.0092563 seconds
Number of updated asset objects reloaded before import = 0Number of asset objects unloaded after import = 3

========================================================================
Received Import Request.
  Time since last request: 0.000014 seconds.
  path: Assets/Mapbox/Textures/CornerPanelRadius_12px_Fill.png
  artifactKey: Guid(ae30072a59a25814e8cfe4b1f70242ed) Importer(815301076,1909f56bfc062723c751e8b465ee728b)
Start importing Assets/Mapbox/Textures/CornerPanelRadius_12px_Fill.png using Guid(ae30072a59a25814e8cfe4b1f70242ed) Importer(815301076,1909f56bfc062723c751e8b465ee728b) (PreviewImporter) -> (artifact id: '06b1a276e9d18b97ae67fbe69258f4bc') in 0.0095456 seconds
Number of updated asset objects reloaded before import = 0Number of asset objects unloaded after import = 3

========================================================================
Received Import Request.
  Time since last request: 0.000107 seconds.
  path: Assets/Mapbox/Examples/Resources/maki/danger-15.png
  artifactKey: Guid(2af076b0c7f87eb4ea2720a89b0ba512) Importer(815301076,1909f56bfc062723c751e8b465ee728b)
Start importing Assets/Mapbox/Examples/Resources/maki/danger-15.png using Guid(2af076b0c7f87eb4ea2720a89b0ba512) Importer(815301076,1909f56bfc062723c751e8b465ee728b) (PreviewImporter) -> (artifact id: '7a8d0ffb3ebfa6a140d51b89a7bbee86') in 0.0086682 seconds
Number of updated asset objects reloaded before import = 0Number of asset objects unloaded after import = 3

========================================================================
Received Import Request.
  Time since last request: 0.000048 seconds.
  path: Assets/Mapbox/Examples/Resources/maki/cross-15.png
  artifactKey: Guid(91b780dd292390c49b16e221bb745632) Importer(815301076,1909f56bfc062723c751e8b465ee728b)
Start importing Assets/Mapbox/Examples/Resources/maki/cross-15.png using Guid(91b780dd292390c49b16e221bb745632) Importer(815301076,1909f56bfc062723c751e8b465ee728b) (PreviewImporter) -> (artifact id: 'f1618201ac70d4171ed10c0eedc4e95e') in 0.0094511 seconds
Number of updated asset objects reloaded before import = 0Number of asset objects unloaded after import = 3

========================================================================
Received Import Request.
  Time since last request: 0.011356 seconds.
  path: Assets/Mapbox/Examples/Resources/maki/buddhism-15.png
  artifactKey: Guid(64547378883ea334f9e656e15e450a61) Importer(815301076,1909f56bfc062723c751e8b465ee728b)
Start importing Assets/Mapbox/Examples/Resources/maki/buddhism-15.png using Guid(64547378883ea334f9e656e15e450a61) Importer(815301076,1909f56bfc062723c751e8b465ee728b) (PreviewImporter) -> (artifact id: 'd742ae98136349b447d755ac289d0695') in 0.0073503 seconds
Number of updated asset objects reloaded before import = 0Number of asset objects unloaded after import = 3

========================================================================
Received Import Request.
  Time since last request: 0.000066 seconds.
  path: Assets/Mapbox/Examples/Resources/maki/bus-15.png
  artifactKey: Guid(78f64b0fd92be8044b951eb0e474cee9) Importer(815301076,1909f56bfc062723c751e8b465ee728b)
Start importing Assets/Mapbox/Examples/Resources/maki/bus-15.png using Guid(78f64b0fd92be8044b951eb0e474cee9) Importer(815301076,1909f56bfc062723c751e8b465ee728b) (PreviewImporter) -> (artifact id: 'e5b27e20ca1dca9200b54a6aa1d00e45') in 0.0075278 seconds
Number of updated asset objects reloaded before import = 0Number of asset objects unloaded after import = 3

========================================================================
Received Import Request.
  Time since last request: 0.000079 seconds.
  path: Assets/Mapbox/Examples/Resources/maki/circle-stroked-15.png
  artifactKey: Guid(fd2b6f67e5eb18f499770977400b8dec) Importer(815301076,1909f56bfc062723c751e8b465ee728b)
Start importing Assets/Mapbox/Examples/Resources/maki/circle-stroked-15.png using Guid(fd2b6f67e5eb18f499770977400b8dec) Importer(815301076,1909f56bfc062723c751e8b465ee728b) (PreviewImporter) -> (artifact id: '709b172cb2ed6cccd198c42dc088250d') in 0.0088756 seconds
Number of updated asset objects reloaded before import = 0Number of asset objects unloaded after import = 3

========================================================================
Received Import Request.
  Time since last request: 0.000027 seconds.
  path: Assets/Mapbox/Resources/Mapbox/PrefabScreens/CitySimulator.gif
  artifactKey: Guid(53e90d032a2624ab1801469b8ce804e4) Importer(815301076,1909f56bfc062723c751e8b465ee728b)
Start importing Assets/Mapbox/Resources/Mapbox/PrefabScreens/CitySimulator.gif using Guid(53e90d032a2624ab1801469b8ce804e4) Importer(815301076,1909f56bfc062723c751e8b465ee728b) (PreviewImporter) -> (artifact id: '98f285436155717452159160f1a236b6') in 0.0133828 seconds
Number of updated asset objects reloaded before import = 0Number of asset objects unloaded after import = 3

========================================================================
Received Import Request.
  Time since last request: 0.000053 seconds.
  path: Assets/Mapbox/Examples/Resources/maki/central-building-15.png
  artifactKey: Guid(ed7defaa52ba7d74ab20777beeb9db9a) Importer(815301076,1909f56bfc062723c751e8b465ee728b)
Start importing Assets/Mapbox/Examples/Resources/maki/central-building-15.png using Guid(ed7defaa52ba7d74ab20777beeb9db9a) Importer(815301076,1909f56bfc062723c751e8b465ee728b) (PreviewImporter) -> (artifact id: '394b4f31b9300ca4e03a4d64eb2530ba') in 0.0099399 seconds
Number of updated asset objects reloaded before import = 0Number of asset objects unloaded after import = 3

========================================================================
Received Import Request.
  Time since last request: 0.000064 seconds.
  path: Assets/Mapbox/Examples/Resources/maki/car-15.png
  artifactKey: Guid(6b42d9d154bbf8043960ed1d7bc122e8) Importer(815301076,1909f56bfc062723c751e8b465ee728b)
Start importing Assets/Mapbox/Examples/Resources/maki/car-15.png using Guid(6b42d9d154bbf8043960ed1d7bc122e8) Importer(815301076,1909f56bfc062723c751e8b465ee728b) (PreviewImporter) -> (artifact id: '92c946c81ba49036eebc5d7833d1e4be') in 0.0098944 seconds
Number of updated asset objects reloaded before import = 0Number of asset objects unloaded after import = 3

========================================================================
Received Import Request.
  Time since last request: 0.000035 seconds.
  path: Assets/Mapbox/Examples/Resources/maki/cemetery-15.png
  artifactKey: Guid(a714dbf7a53aa9d4f983a34071aa7dcc) Importer(815301076,1909f56bfc062723c751e8b465ee728b)
Start importing Assets/Mapbox/Examples/Resources/maki/cemetery-15.png using Guid(a714dbf7a53aa9d4f983a34071aa7dcc) Importer(815301076,1909f56bfc062723c751e8b465ee728b) (PreviewImporter) -> (artifact id: '78bd147a4c8ad57c5a79e4b7aeb59573') in 0.0129172 seconds
Number of updated asset objects reloaded before import = 0Number of asset objects unloaded after import = 3

========================================================================
Received Import Request.
  Time since last request: 0.000050 seconds.
  path: Assets/Mapbox/Examples/Resources/maki/cafe-15.png
  artifactKey: Guid(025733da1b0ac7345a65b55d10874afa) Importer(815301076,1909f56bfc062723c751e8b465ee728b)
Start importing Assets/Mapbox/Examples/Resources/maki/cafe-15.png using Guid(025733da1b0ac7345a65b55d10874afa) Importer(815301076,1909f56bfc062723c751e8b465ee728b) (PreviewImporter) -> (artifact id: '5cfd6c621aa0f102a2fd623b2826c13c') in 0.0128462 seconds
Number of updated asset objects reloaded before import = 0Number of asset objects unloaded after import = 3

========================================================================
Received Import Request.
  Time since last request: 0.076527 seconds.
  path: Assets/Mapbox/Examples/Resources/maki/bar-15.png
  artifactKey: Guid(7a36158a2c2724c4d8fb9be96005e55d) Importer(815301076,1909f56bfc062723c751e8b465ee728b)
Start importing Assets/Mapbox/Examples/Resources/maki/bar-15.png using Guid(7a36158a2c2724c4d8fb9be96005e55d) Importer(815301076,1909f56bfc062723c751e8b465ee728b) (PreviewImporter) -> (artifact id: '2c79d136607d8f606fa5aeefed35e815') in 0.008612 seconds
Number of updated asset objects reloaded before import = 0Number of asset objects unloaded after import = 3

========================================================================
Received Import Request.
  Time since last request: 0.000019 seconds.
  path: Assets/Mapbox/Examples/Resources/maki/beer-15.png
  artifactKey: Guid(38d01da203407b74cad749c1d8681580) Importer(815301076,1909f56bfc062723c751e8b465ee728b)
Start importing Assets/Mapbox/Examples/Resources/maki/beer-15.png using Guid(38d01da203407b74cad749c1d8681580) Importer(815301076,1909f56bfc062723c751e8b465ee728b) (PreviewImporter) -> (artifact id: 'aa6f6d2becb7eb53e28cc3a56c5af56e') in 0.0132056 seconds
Number of updated asset objects reloaded before import = 0Number of asset objects unloaded after import = 3

========================================================================
Received Import Request.
  Time since last request: 0.000042 seconds.
  path: Assets/Mapbox/Examples/Resources/maki/bicycle-share-15.png
  artifactKey: Guid(0a300f3c30c4f734abb83f28a7dc10e9) Importer(815301076,1909f56bfc062723c751e8b465ee728b)
Start importing Assets/Mapbox/Examples/Resources/maki/bicycle-share-15.png using Guid(0a300f3c30c4f734abb83f28a7dc10e9) Importer(815301076,1909f56bfc062723c751e8b465ee728b) (PreviewImporter) -> (artifact id: '3a6c91879815e2876384ec336f38480b') in 0.0094545 seconds
Number of updated asset objects reloaded before import = 0Number of asset objects unloaded after import = 3

========================================================================
Received Import Request.
  Time since last request: 0.000023 seconds.
  path: Assets/Mapbox/Examples/Resources/maki/bicycle-15.png
  artifactKey: Guid(763e21d069ff11945bcf4afa85ff64ed) Importer(815301076,1909f56bfc062723c751e8b465ee728b)
Start importing Assets/Mapbox/Examples/Resources/maki/bicycle-15.png using Guid(763e21d069ff11945bcf4afa85ff64ed) Importer(815301076,1909f56bfc062723c751e8b465ee728b) (PreviewImporter) -> (artifact id: 'b14ae66bdf4929e51faecbe66f5c9538') in 0.0095904 seconds
Number of updated asset objects reloaded before import = 0Number of asset objects unloaded after import = 3

========================================================================
Received Import Request.
  Time since last request: 0.019829 seconds.
  path: Packages/com.simonoliver.unityfigma/Docs/AddPackage.png
  artifactKey: Guid(f8e9e96ae66fea64d9d893dee86c1bc3) Importer(815301076,1909f56bfc062723c751e8b465ee728b)
Start importing Packages/com.simonoliver.unityfigma/Docs/AddPackage.png using Guid(f8e9e96ae66fea64d9d893dee86c1bc3) Importer(815301076,1909f56bfc062723c751e8b465ee728b) (PreviewImporter) -> (artifact id: 'd617207725b2850b80708b6e41418737') in 0.0098506 seconds
Number of updated asset objects reloaded before import = 0Number of asset objects unloaded after import = 3

========================================================================
Received Import Request.
  Time since last request: 0.000064 seconds.
  path: Assets/Mapbox/Examples/Resources/maki/aquarium-15.png
  artifactKey: Guid(2ab42ac037a0be8488242b6280d589f5) Importer(815301076,1909f56bfc062723c751e8b465ee728b)
Start importing Assets/Mapbox/Examples/Resources/maki/aquarium-15.png using Guid(2ab42ac037a0be8488242b6280d589f5) Importer(815301076,1909f56bfc062723c751e8b465ee728b) (PreviewImporter) -> (artifact id: 'fb3d9338112c15c4f2214a76e7afb5d6') in 0.0080077 seconds
Number of updated asset objects reloaded before import = 0Number of asset objects unloaded after import = 3

========================================================================
Received Import Request.
  Time since last request: 0.000019 seconds.
  path: Assets/Mapbox/Examples/Resources/maki/amusement-park-15.png
  artifactKey: Guid(2b59ad5241786eb46be431351c72b926) Importer(815301076,1909f56bfc062723c751e8b465ee728b)
Start importing Assets/Mapbox/Examples/Resources/maki/amusement-park-15.png using Guid(2b59ad5241786eb46be431351c72b926) Importer(815301076,1909f56bfc062723c751e8b465ee728b) (PreviewImporter) -> (artifact id: '3ad57bda0aaa753e9e7b40a775e8d537') in 0.0079221 seconds
Number of updated asset objects reloaded before import = 0Number of asset objects unloaded after import = 3

========================================================================
Received Import Request.
  Time since last request: 0.000180 seconds.
  path: Assets/Mapbox/Examples/Resources/maki/airfield-15.png
  artifactKey: Guid(f98ca583e42f68e47bfb1021409de126) Importer(815301076,1909f56bfc062723c751e8b465ee728b)
Start importing Assets/Mapbox/Examples/Resources/maki/airfield-15.png using Guid(f98ca583e42f68e47bfb1021409de126) Importer(815301076,1909f56bfc062723c751e8b465ee728b) (PreviewImporter) -> (artifact id: 'c96b9e4401b5d9a3ca118ca02cda2764') in 0.0088385 seconds
Number of updated asset objects reloaded before import = 0Number of asset objects unloaded after import = 3

========================================================================
Received Import Request.
  Time since last request: 0.000022 seconds.
  path: Packages/com.simonoliver.unityfigma/Docs/AutoBinding.png
  artifactKey: Guid(77805c1094cb5c94ea2946fe059dee5e) Importer(815301076,1909f56bfc062723c751e8b465ee728b)
Start importing Packages/com.simonoliver.unityfigma/Docs/AutoBinding.png using Guid(77805c1094cb5c94ea2946fe059dee5e) Importer(815301076,1909f56bfc062723c751e8b465ee728b) (PreviewImporter) -> (artifact id: 'bd808a3427388b0b9683bde4c5c1de70') in 0.0117259 seconds
Number of updated asset objects reloaded before import = 0Number of asset objects unloaded after import = 3

========================================================================
Received Import Request.
  Time since last request: 0.000080 seconds.
  path: Assets/Mapbox/Examples/Resources/maki/airport-15.png
  artifactKey: Guid(4002ecd3ce59a53409ed9e054f72fbf2) Importer(815301076,1909f56bfc062723c751e8b465ee728b)
Start importing Assets/Mapbox/Examples/Resources/maki/airport-15.png using Guid(4002ecd3ce59a53409ed9e054f72fbf2) Importer(815301076,1909f56bfc062723c751e8b465ee728b) (PreviewImporter) -> (artifact id: 'e9bf4ce3f7926dc4bea9329ba8200053') in 0.0088116 seconds
Number of updated asset objects reloaded before import = 0Number of asset objects unloaded after import = 3

========================================================================
Received Import Request.
  Time since last request: 0.000031 seconds.
  path: Assets/Mapbox/Examples/Resources/maki/art-gallery-15.png
  artifactKey: Guid(396f423c6693ea642a4bd8fbfe2cb461) Importer(815301076,1909f56bfc062723c751e8b465ee728b)
Start importing Assets/Mapbox/Examples/Resources/maki/art-gallery-15.png using Guid(396f423c6693ea642a4bd8fbfe2cb461) Importer(815301076,1909f56bfc062723c751e8b465ee728b) (PreviewImporter) -> (artifact id: '83b52367244a522842d8563e9175800b') in 0.0092401 seconds
Number of updated asset objects reloaded before import = 0Number of asset objects unloaded after import = 3

========================================================================
Received Prepare
Assembly reference Packages/com.unity.cinemachine/Editor/Samples/ExposeHDRPInternals/HDRP-Editor-ref.asmref has no target assembly definition
Assembly reference Packages/com.unity.cinemachine/Editor/Samples/ExposeHDRPInternals/HDRP-Editor-ref.asmref has no target assembly definition
Begin MonoManager ReloadAssembly
Symbol file LoadedFromMemory is not a mono symbol file
Symbol file LoadedFromMemory is not a mono symbol file
Symbol file LoadedFromMemory is not a mono symbol file
- Loaded All Assemblies, in  0.574 seconds
Assembly reference Packages/com.unity.cinemachine/Editor/Samples/ExposeHDRPInternals/HDRP-Editor-ref.asmref has no target assembly definition
'Packages/com.unity.cinemachine/Editor/Obsolete/CinemachineVirtualCameraBaseEditor.cs' contains partial class of Unity.Object, exactly 1 of the partial classes needs to be in a file with the same filename. This is to know the one that can be referenced from ie. GameObjects
'Packages/com.unity.cinemachine/Editor/Editors/CinemachineVirtualCameraBaseEditor.cs' contains partial class of Unity.Object, exactly 1 of the partial classes needs to be in a file with the same filename. This is to know the one that can be referenced from ie. GameObjects
Refreshing native plugins compatible for Editor in 3.80 ms, found 4 plugins.
Native extension for iOS target not found
Native extension for Android target not found
Native extension for WindowsStandalone target not found
Assembly reference Packages/com.unity.cinemachine/Editor/Samples/ExposeHDRPInternals/HDRP-Editor-ref.asmref has no target assembly definition
[Package Manager] Failed to launch server process. Reason: Unity was launched with the -noUpm command-line argument
[Package Manager] Unable to send message (not connected to server process).
[Package Manager] Cannot connect to Unity Package Manager local server
Mono: successfully reloaded assembly
- Finished resetting the current domain, in  0.487 seconds
Domain Reload Profiling: 1060ms
	BeginReloadAssembly (155ms)
		ExecutionOrderSort (0ms)
		DisableScriptedObjects (4ms)
		BackupInstance (0ms)
		ReleaseScriptingObjects (0ms)
		CreateAndSetChildDomain (37ms)
	RebuildCommonClasses (33ms)
	RebuildNativeTypeToScriptingClass (9ms)
	initialDomainReloadingComplete (25ms)
	LoadAllAssembliesAndSetupDomain (351ms)
		LoadAssemblies (293ms)
		RebuildTransferFunctionScriptingTraits (0ms)
		AnalyzeDomain (138ms)
			TypeCache.Refresh (6ms)
				TypeCache.ScanAssembly (0ms)
			BuildScriptInfoCaches (120ms)
			ResolveRequiredComponents (8ms)
	FinalizeReload (487ms)
		ReleaseScriptCaches (0ms)
		RebuildScriptCaches (0ms)
		SetupLoadedEditorAssemblies (366ms)
			LogAssemblyErrors (0ms)
			InitializePlatformSupportModulesInManaged (12ms)
			SetLoadedEditorAssemblies (3ms)
			BeforeProcessingInitializeOnLoad (72ms)
			ProcessInitializeOnLoadAttributes (253ms)
			ProcessInitializeOnLoadMethodAttributes (19ms)
			AfterProcessingInitializeOnLoad (7ms)
			EditorAssembliesLoaded (0ms)
		ExecutionOrderSort2 (0ms)
		AwakeInstancesAfterBackupRestoration (29ms)
Refreshing native plugins compatible for Editor in 5.18 ms, found 4 plugins.
Preloading 0 native plugins for Editor in 0.00 ms.
Unloading 1 Unused Serialized files (Serialized files now loaded: 0)
Unloading 4859 unused Assets / (1.4 MB). Loaded Objects now: 5360.
Memory consumption went from 98.1 MB to 96.7 MB.
Total: 7.045700 ms (FindLiveObjects: 0.443500 ms CreateObjectMapping: 0.576900 ms MarkObjects: 4.624000 ms  DeleteObjects: 1.399800 ms)

Prepare: number of updated asset objects reloaded= 0
========================================================================
Received Prepare
Assembly reference Packages/com.unity.cinemachine/Editor/Samples/ExposeHDRPInternals/HDRP-Editor-ref.asmref has no target assembly definition
Assembly reference Packages/com.unity.cinemachine/Editor/Samples/ExposeHDRPInternals/HDRP-Editor-ref.asmref has no target assembly definition
Begin MonoManager ReloadAssembly
Symbol file LoadedFromMemory is not a mono symbol file
Symbol file LoadedFromMemory is not a mono symbol file
Symbol file LoadedFromMemory is not a mono symbol file
- Loaded All Assemblies, in  0.537 seconds
Assembly reference Packages/com.unity.cinemachine/Editor/Samples/ExposeHDRPInternals/HDRP-Editor-ref.asmref has no target assembly definition
'Packages/com.unity.cinemachine/Editor/Obsolete/CinemachineVirtualCameraBaseEditor.cs' contains partial class of Unity.Object, exactly 1 of the partial classes needs to be in a file with the same filename. This is to know the one that can be referenced from ie. GameObjects
'Packages/com.unity.cinemachine/Editor/Editors/CinemachineVirtualCameraBaseEditor.cs' contains partial class of Unity.Object, exactly 1 of the partial classes needs to be in a file with the same filename. This is to know the one that can be referenced from ie. GameObjects
Refreshing native plugins compatible for Editor in 3.89 ms, found 4 plugins.
Native extension for iOS target not found
Native extension for Android target not found
Native extension for WindowsStandalone target not found
Assembly reference Packages/com.unity.cinemachine/Editor/Samples/ExposeHDRPInternals/HDRP-Editor-ref.asmref has no target assembly definition
[Package Manager] Failed to launch server process. Reason: Unity was launched with the -noUpm command-line argument
[Package Manager] Unable to send message (not connected to server process).
[Package Manager] Cannot connect to Unity Package Manager local server
Mono: successfully reloaded assembly
- Finished resetting the current domain, in  0.452 seconds
Domain Reload Profiling: 987ms
	BeginReloadAssembly (145ms)
		ExecutionOrderSort (0ms)
		DisableScriptedObjects (3ms)
		BackupInstance (0ms)
		ReleaseScriptingObjects (0ms)
		CreateAndSetChildDomain (31ms)
	RebuildCommonClasses (28ms)
	RebuildNativeTypeToScriptingClass (9ms)
	initialDomainReloadingComplete (23ms)
	LoadAllAssembliesAndSetupDomain (330ms)
		LoadAssemblies (281ms)
		RebuildTransferFunctionScriptingTraits (0ms)
		AnalyzeDomain (127ms)
			TypeCache.Refresh (6ms)
				TypeCache.ScanAssembly (0ms)
			BuildScriptInfoCaches (113ms)
			ResolveRequiredComponents (5ms)
	FinalizeReload (452ms)
		ReleaseScriptCaches (0ms)
		RebuildScriptCaches (0ms)
		SetupLoadedEditorAssemblies (355ms)
			LogAssemblyErrors (0ms)
			InitializePlatformSupportModulesInManaged (14ms)
			SetLoadedEditorAssemblies (3ms)
			BeforeProcessingInitializeOnLoad (66ms)
			ProcessInitializeOnLoadAttributes (251ms)
			ProcessInitializeOnLoadMethodAttributes (17ms)
			AfterProcessingInitializeOnLoad (4ms)
			EditorAssembliesLoaded (0ms)
		ExecutionOrderSort2 (0ms)
		AwakeInstancesAfterBackupRestoration (4ms)
Refreshing native plugins compatible for Editor in 4.86 ms, found 4 plugins.
Preloading 0 native plugins for Editor in 0.00 ms.
Unloading 1 Unused Serialized files (Serialized files now loaded: 0)
Unloading 4859 unused Assets / (1.6 MB). Loaded Objects now: 5360.
Memory consumption went from 98.1 MB to 96.5 MB.
Total: 8.901200 ms (FindLiveObjects: 1.797200 ms CreateObjectMapping: 0.779500 ms MarkObjects: 5.131100 ms  DeleteObjects: 1.192200 ms)

Prepare: number of updated asset objects reloaded= 0
========================================================================
Received Prepare
Assembly reference Packages/com.unity.cinemachine/Editor/Samples/ExposeHDRPInternals/HDRP-Editor-ref.asmref has no target assembly definition
Assembly reference Packages/com.unity.cinemachine/Editor/Samples/ExposeHDRPInternals/HDRP-Editor-ref.asmref has no target assembly definition
Begin MonoManager ReloadAssembly
Symbol file LoadedFromMemory is not a mono symbol file
Symbol file LoadedFromMemory is not a mono symbol file
Symbol file LoadedFromMemory is not a mono symbol file
- Loaded All Assemblies, in  0.552 seconds
Assembly reference Packages/com.unity.cinemachine/Editor/Samples/ExposeHDRPInternals/HDRP-Editor-ref.asmref has no target assembly definition
'Packages/com.unity.cinemachine/Editor/Obsolete/CinemachineVirtualCameraBaseEditor.cs' contains partial class of Unity.Object, exactly 1 of the partial classes needs to be in a file with the same filename. This is to know the one that can be referenced from ie. GameObjects
'Packages/com.unity.cinemachine/Editor/Editors/CinemachineVirtualCameraBaseEditor.cs' contains partial class of Unity.Object, exactly 1 of the partial classes needs to be in a file with the same filename. This is to know the one that can be referenced from ie. GameObjects
Refreshing native plugins compatible for Editor in 3.40 ms, found 4 plugins.
Native extension for iOS target not found
Native extension for Android target not found
Native extension for WindowsStandalone target not found
Assembly reference Packages/com.unity.cinemachine/Editor/Samples/ExposeHDRPInternals/HDRP-Editor-ref.asmref has no target assembly definition
[Package Manager] Failed to launch server process. Reason: Unity was launched with the -noUpm command-line argument
[Package Manager] Unable to send message (not connected to server process).
[Package Manager] Cannot connect to Unity Package Manager local server
Mono: successfully reloaded assembly
- Finished resetting the current domain, in  0.445 seconds
Domain Reload Profiling: 996ms
	BeginReloadAssembly (146ms)
		ExecutionOrderSort (0ms)
		DisableScriptedObjects (3ms)
		BackupInstance (0ms)
		ReleaseScriptingObjects (0ms)
		CreateAndSetChildDomain (32ms)
	RebuildCommonClasses (27ms)
	RebuildNativeTypeToScriptingClass (9ms)
	initialDomainReloadingComplete (24ms)
	LoadAllAssembliesAndSetupDomain (344ms)
		LoadAssemblies (289ms)
		RebuildTransferFunctionScriptingTraits (0ms)
		AnalyzeDomain (133ms)
			TypeCache.Refresh (6ms)
				TypeCache.ScanAssembly (0ms)
			BuildScriptInfoCaches (117ms)
			ResolveRequiredComponents (7ms)
	FinalizeReload (445ms)
		ReleaseScriptCaches (0ms)
		RebuildScriptCaches (0ms)
		SetupLoadedEditorAssemblies (356ms)
			LogAssemblyErrors (0ms)
			InitializePlatformSupportModulesInManaged (14ms)
			SetLoadedEditorAssemblies (2ms)
			BeforeProcessingInitializeOnLoad (64ms)
			ProcessInitializeOnLoadAttributes (236ms)
			ProcessInitializeOnLoadMethodAttributes (36ms)
			AfterProcessingInitializeOnLoad (4ms)
			EditorAssembliesLoaded (0ms)
		ExecutionOrderSort2 (0ms)
		AwakeInstancesAfterBackupRestoration (5ms)
Refreshing native plugins compatible for Editor in 5.79 ms, found 4 plugins.
Preloading 0 native plugins for Editor in 0.00 ms.
Unloading 1 Unused Serialized files (Serialized files now loaded: 0)
Unloading 4859 unused Assets / (0.9 MB). Loaded Objects now: 5360.
Memory consumption went from 98.0 MB to 97.1 MB.
Total: 7.451800 ms (FindLiveObjects: 0.474300 ms CreateObjectMapping: 2.502500 ms MarkObjects: 3.431600 ms  DeleteObjects: 1.042100 ms)

Prepare: number of updated asset objects reloaded= 0
========================================================================
Received Import Request.
  Time since last request: 557.481000 seconds.
  path: Assets/Figma/Screens
  artifactKey: Guid(baaff81bd3ebd8945876400d29cd50ce) Importer(815301076,1909f56bfc062723c751e8b465ee728b)
Start importing Assets/Figma/Screens using Guid(baaff81bd3ebd8945876400d29cd50ce) Importer(815301076,1909f56bfc062723c751e8b465ee728b) (PreviewImporter) -> (artifact id: '510896afbee6457f565d87883ae9f34d') in 0.0050918 seconds
Number of updated asset objects reloaded before import = 0Number of asset objects unloaded after import = 0

========================================================================
Received Import Request.
  Time since last request: 45.080658 seconds.
  path: Assets/Figma/Fonts
  artifactKey: Guid(3f26cb9a0e1770344bd8b1f5db59d854) Importer(815301076,1909f56bfc062723c751e8b465ee728b)
Start importing Assets/Figma/Fonts using Guid(3f26cb9a0e1770344bd8b1f5db59d854) Importer(815301076,1909f56bfc062723c751e8b465ee728b) (PreviewImporter) -> (artifact id: '66d45eef8d4b0f888cac815636fca2bf') in 0.000662 seconds
Number of updated asset objects reloaded before import = 0Number of asset objects unloaded after import = 0

========================================================================
Received Import Request.
  Time since last request: 1.219767 seconds.
  path: Assets/Figma/ImageFills
  artifactKey: Guid(daeda2c69ff8a4e4e925dfdd980fb9fb) Importer(815301076,1909f56bfc062723c751e8b465ee728b)
Start importing Assets/Figma/ImageFills using Guid(daeda2c69ff8a4e4e925dfdd980fb9fb) Importer(815301076,1909f56bfc062723c751e8b465ee728b) (PreviewImporter) -> (artifact id: 'a0ade07f77fa71634f9ddab4da266d0c') in 0.0008968 seconds
Number of updated asset objects reloaded before import = 0Number of asset objects unloaded after import = 0

========================================================================
Received Import Request.
  Time since last request: 45.974031 seconds.
  path: Assets/Figma/ImageFills/2d4c175ad61b986ab06b39033069cb2f73d566dd.png
  artifactKey: Guid(3fbd606f533dacd4b8c99caa0b1243c9) Importer(815301076,1909f56bfc062723c751e8b465ee728b)
Start importing Assets/Figma/ImageFills/2d4c175ad61b986ab06b39033069cb2f73d566dd.png using Guid(3fbd606f533dacd4b8c99caa0b1243c9) Importer(815301076,1909f56bfc062723c751e8b465ee728b) (PreviewImporter) -> (artifact id: '1d4b0b6c3c8876cf534ac8afbe02d519') in 0.0625055 seconds
Number of updated asset objects reloaded before import = 0Number of asset objects unloaded after import = 3

========================================================================
Received Import Request.
  Time since last request: 136.509343 seconds.
  path: Assets/Figma/ImageFills/2d4c175ad61b986ab06b39033069cb2f73d566dd.png
  artifactKey: Guid(3fbd606f533dacd4b8c99caa0b1243c9) Importer(815301076,1909f56bfc062723c751e8b465ee728b)
Start importing Assets/Figma/ImageFills/2d4c175ad61b986ab06b39033069cb2f73d566dd.png using Guid(3fbd606f533dacd4b8c99caa0b1243c9) Importer(815301076,1909f56bfc062723c751e8b465ee728b) (PreviewImporter) -> (artifact id: '5048cbabb6f9a4bc2bc508dce14134ee') in 0.0460453 seconds
Number of updated asset objects reloaded before import = 0Number of asset objects unloaded after import = 2

========================================================================
Received Import Request.
  Time since last request: 12.635726 seconds.
  path: Assets/Figma/ImageFills/2d4c175ad61b986ab06b39033069cb2f73d566dd.png
  artifactKey: Guid(3fbd606f533dacd4b8c99caa0b1243c9) Importer(815301076,1909f56bfc062723c751e8b465ee728b)
Start importing Assets/Figma/ImageFills/2d4c175ad61b986ab06b39033069cb2f73d566dd.png using Guid(3fbd606f533dacd4b8c99caa0b1243c9) Importer(815301076,1909f56bfc062723c751e8b465ee728b) (PreviewImporter) -> (artifact id: '1fd9f2c141794f57f2907a91b6b90902') in 0.0421833 seconds
Number of updated asset objects reloaded before import = 0Number of asset objects unloaded after import = 3

========================================================================
Received Import Request.
  Time since last request: 5.811186 seconds.
  path: Assets/Figma/ImageFills/2d4c175ad61b986ab06b39033069cb2f73d566dd.png
  artifactKey: Guid(3fbd606f533dacd4b8c99caa0b1243c9) Importer(815301076,1909f56bfc062723c751e8b465ee728b)
Start importing Assets/Figma/ImageFills/2d4c175ad61b986ab06b39033069cb2f73d566dd.png using Guid(3fbd606f533dacd4b8c99caa0b1243c9) Importer(815301076,1909f56bfc062723c751e8b465ee728b) (PreviewImporter) -> (artifact id: '2e552207bf1c8c276d01d5bb8c0b22ff') in 0.1081039 seconds
Number of updated asset objects reloaded before import = 0Number of asset objects unloaded after import = 3

========================================================================
Received Import Request.
  Time since last request: 8.310686 seconds.
  path: Assets/Figma/ImageFills/2d4c175ad61b986ab06b39033069cb2f73d566dd.png
  artifactKey: Guid(3fbd606f533dacd4b8c99caa0b1243c9) Importer(815301076,1909f56bfc062723c751e8b465ee728b)
Start importing Assets/Figma/ImageFills/2d4c175ad61b986ab06b39033069cb2f73d566dd.png using Guid(3fbd606f533dacd4b8c99caa0b1243c9) Importer(815301076,1909f56bfc062723c751e8b465ee728b) (PreviewImporter) -> (artifact id: '2f7483ef0712f3a9e9cffbe675545965') in 0.068552 seconds
Number of updated asset objects reloaded before import = 0Number of asset objects unloaded after import = 3

========================================================================
Received Import Request.
  Time since last request: 2.910573 seconds.
  path: Assets/Figma/ImageFills/2d4c175ad61b986ab06b39033069cb2f73d566dd.png
  artifactKey: Guid(3fbd606f533dacd4b8c99caa0b1243c9) Importer(815301076,1909f56bfc062723c751e8b465ee728b)
Start importing Assets/Figma/ImageFills/2d4c175ad61b986ab06b39033069cb2f73d566dd.png using Guid(3fbd606f533dacd4b8c99caa0b1243c9) Importer(815301076,1909f56bfc062723c751e8b465ee728b) (PreviewImporter) -> (artifact id: 'ef7ed01b8154904974816f2262f8356c') in 0.0060605 seconds
Number of updated asset objects reloaded before import = 0Number of asset objects unloaded after import = 3

========================================================================
Received Import Request.
  Time since last request: 12.371149 seconds.
  path: Assets/Figma/ImageFills/2d4c175ad61b986ab06b39033069cb2f73d566dd.png
  artifactKey: Guid(3fbd606f533dacd4b8c99caa0b1243c9) Importer(815301076,1909f56bfc062723c751e8b465ee728b)
Start importing Assets/Figma/ImageFills/2d4c175ad61b986ab06b39033069cb2f73d566dd.png using Guid(3fbd606f533dacd4b8c99caa0b1243c9) Importer(815301076,1909f56bfc062723c751e8b465ee728b) (PreviewImporter) -> (artifact id: '08407b2c481695cbd4f91be8c17b4574') in 0.0274018 seconds
Number of updated asset objects reloaded before import = 0Number of asset objects unloaded after import = 3

========================================================================
Received Import Request.
  Time since last request: 5.896169 seconds.
  path: Assets/Figma/ImageFills/2d4c175ad61b986ab06b39033069cb2f73d566dd.png
  artifactKey: Guid(3fbd606f533dacd4b8c99caa0b1243c9) Importer(815301076,1909f56bfc062723c751e8b465ee728b)
Start importing Assets/Figma/ImageFills/2d4c175ad61b986ab06b39033069cb2f73d566dd.png using Guid(3fbd606f533dacd4b8c99caa0b1243c9) Importer(815301076,1909f56bfc062723c751e8b465ee728b) (PreviewImporter) -> (artifact id: '58523a7365ea2bc1fc17e5b860e9dbbc') in 0.0280349 seconds
Number of updated asset objects reloaded before import = 0Number of asset objects unloaded after import = 3

========================================================================
Received Import Request.
  Time since last request: 3.573559 seconds.
  path: Assets/Figma/ImageFills/2d4c175ad61b986ab06b39033069cb2f73d566dd.png
  artifactKey: Guid(3fbd606f533dacd4b8c99caa0b1243c9) Importer(815301076,1909f56bfc062723c751e8b465ee728b)
Start importing Assets/Figma/ImageFills/2d4c175ad61b986ab06b39033069cb2f73d566dd.png using Guid(3fbd606f533dacd4b8c99caa0b1243c9) Importer(815301076,1909f56bfc062723c751e8b465ee728b) (PreviewImporter) -> (artifact id: '7106a1dd109ded277131aebbc2cf8c55') in 0.0482915 seconds
Number of updated asset objects reloaded before import = 0Number of asset objects unloaded after import = 3

========================================================================
Received Import Request.
  Time since last request: 15.616219 seconds.
  path: Assets/Figma/ImageFills/2d4c175ad61b986ab06b39033069cb2f73d566dd.png
  artifactKey: Guid(3fbd606f533dacd4b8c99caa0b1243c9) Importer(815301076,1909f56bfc062723c751e8b465ee728b)
Start importing Assets/Figma/ImageFills/2d4c175ad61b986ab06b39033069cb2f73d566dd.png using Guid(3fbd606f533dacd4b8c99caa0b1243c9) Importer(815301076,1909f56bfc062723c751e8b465ee728b) (PreviewImporter) -> (artifact id: 'c359fefeec22b33e252ac108ac2279c1') in 0.0402075 seconds
Number of updated asset objects reloaded before import = 0Number of asset objects unloaded after import = 3

========================================================================
Received Import Request.
  Time since last request: 5.932768 seconds.
  path: Assets/Figma/ImageFills/2d4c175ad61b986ab06b39033069cb2f73d566dd.png
  artifactKey: Guid(3fbd606f533dacd4b8c99caa0b1243c9) Importer(815301076,1909f56bfc062723c751e8b465ee728b)
Start importing Assets/Figma/ImageFills/2d4c175ad61b986ab06b39033069cb2f73d566dd.png using Guid(3fbd606f533dacd4b8c99caa0b1243c9) Importer(815301076,1909f56bfc062723c751e8b465ee728b) (PreviewImporter) -> (artifact id: 'd4a30b9484d129319ee0cd60c77e16e0') in 0.1476981 seconds
Number of updated asset objects reloaded before import = 0Number of asset objects unloaded after import = 3

========================================================================
Received Import Request.
  Time since last request: 6.404627 seconds.
  path: Assets/Figma/ImageFills/2d4c175ad61b986ab06b39033069cb2f73d566dd.png
  artifactKey: Guid(3fbd606f533dacd4b8c99caa0b1243c9) Importer(815301076,1909f56bfc062723c751e8b465ee728b)
Start importing Assets/Figma/ImageFills/2d4c175ad61b986ab06b39033069cb2f73d566dd.png using Guid(3fbd606f533dacd4b8c99caa0b1243c9) Importer(815301076,1909f56bfc062723c751e8b465ee728b) (PreviewImporter) -> (artifact id: '0c934cd81d39ff1fa14cab696c541210') in 0.0799612 seconds
Number of updated asset objects reloaded before import = 0Number of asset objects unloaded after import = 3

========================================================================
Received Import Request.
  Time since last request: 2.166831 seconds.
  path: Assets/Figma/ImageFills/2d4c175ad61b986ab06b39033069cb2f73d566dd.png
  artifactKey: Guid(3fbd606f533dacd4b8c99caa0b1243c9) Importer(815301076,1909f56bfc062723c751e8b465ee728b)
Start importing Assets/Figma/ImageFills/2d4c175ad61b986ab06b39033069cb2f73d566dd.png using Guid(3fbd606f533dacd4b8c99caa0b1243c9) Importer(815301076,1909f56bfc062723c751e8b465ee728b) (PreviewImporter) -> (artifact id: 'a6ef22bd84c680c343db2c10ede21f96') in 0.0767164 seconds
Number of updated asset objects reloaded before import = 0Number of asset objects unloaded after import = 3

========================================================================
Received Import Request.
  Time since last request: 5.833434 seconds.
  path: Assets/Figma/ImageFills/2d4c175ad61b986ab06b39033069cb2f73d566dd.png
  artifactKey: Guid(3fbd606f533dacd4b8c99caa0b1243c9) Importer(815301076,1909f56bfc062723c751e8b465ee728b)
Start importing Assets/Figma/ImageFills/2d4c175ad61b986ab06b39033069cb2f73d566dd.png using Guid(3fbd606f533dacd4b8c99caa0b1243c9) Importer(815301076,1909f56bfc062723c751e8b465ee728b) (PreviewImporter) -> (artifact id: 'dc06531dadaaf6c90a64086ed4d1206a') in 0.0179021 seconds
Number of updated asset objects reloaded before import = 0Number of asset objects unloaded after import = 3

========================================================================
Received Import Request.
  Time since last request: 12.296272 seconds.
  path: Assets/Figma/ImageFills/2d4c175ad61b986ab06b39033069cb2f73d566dd.png
  artifactKey: Guid(3fbd606f533dacd4b8c99caa0b1243c9) Importer(815301076,1909f56bfc062723c751e8b465ee728b)
Start importing Assets/Figma/ImageFills/2d4c175ad61b986ab06b39033069cb2f73d566dd.png using Guid(3fbd606f533dacd4b8c99caa0b1243c9) Importer(815301076,1909f56bfc062723c751e8b465ee728b) (PreviewImporter) -> (artifact id: 'ac438d87728243230669d227e1cb332c') in 0.0941935 seconds
Number of updated asset objects reloaded before import = 0Number of asset objects unloaded after import = 3

========================================================================
Received Prepare
Assembly reference Packages/com.unity.cinemachine/Editor/Samples/ExposeHDRPInternals/HDRP-Editor-ref.asmref has no target assembly definition
Assembly reference Packages/com.unity.cinemachine/Editor/Samples/ExposeHDRPInternals/HDRP-Editor-ref.asmref has no target assembly definition
Begin MonoManager ReloadAssembly
Symbol file LoadedFromMemory is not a mono symbol file
Symbol file LoadedFromMemory is not a mono symbol file
Symbol file LoadedFromMemory is not a mono symbol file
- Loaded All Assemblies, in  0.558 seconds
Assembly reference Packages/com.unity.cinemachine/Editor/Samples/ExposeHDRPInternals/HDRP-Editor-ref.asmref has no target assembly definition
'Packages/com.unity.cinemachine/Editor/Obsolete/CinemachineVirtualCameraBaseEditor.cs' contains partial class of Unity.Object, exactly 1 of the partial classes needs to be in a file with the same filename. This is to know the one that can be referenced from ie. GameObjects
'Packages/com.unity.cinemachine/Editor/Editors/CinemachineVirtualCameraBaseEditor.cs' contains partial class of Unity.Object, exactly 1 of the partial classes needs to be in a file with the same filename. This is to know the one that can be referenced from ie. GameObjects
Refreshing native plugins compatible for Editor in 4.07 ms, found 4 plugins.
Native extension for iOS target not found
Native extension for Android target not found
Native extension for WindowsStandalone target not found
Assembly reference Packages/com.unity.cinemachine/Editor/Samples/ExposeHDRPInternals/HDRP-Editor-ref.asmref has no target assembly definition
[Package Manager] Failed to launch server process. Reason: Unity was launched with the -noUpm command-line argument
[Package Manager] Unable to send message (not connected to server process).
[Package Manager] Cannot connect to Unity Package Manager local server
Mono: successfully reloaded assembly
- Finished resetting the current domain, in  0.451 seconds
Domain Reload Profiling: 1008ms
	BeginReloadAssembly (153ms)
		ExecutionOrderSort (0ms)
		DisableScriptedObjects (3ms)
		BackupInstance (0ms)
		ReleaseScriptingObjects (0ms)
		CreateAndSetChildDomain (36ms)
	RebuildCommonClasses (27ms)
	RebuildNativeTypeToScriptingClass (9ms)
	initialDomainReloadingComplete (24ms)
	LoadAllAssembliesAndSetupDomain (344ms)
		LoadAssemblies (290ms)
		RebuildTransferFunctionScriptingTraits (0ms)
		AnalyzeDomain (134ms)
			TypeCache.Refresh (6ms)
				TypeCache.ScanAssembly (0ms)
			BuildScriptInfoCaches (119ms)
			ResolveRequiredComponents (6ms)
	FinalizeReload (451ms)
		ReleaseScriptCaches (0ms)
		RebuildScriptCaches (0ms)
		SetupLoadedEditorAssemblies (341ms)
			LogAssemblyErrors (0ms)
			InitializePlatformSupportModulesInManaged (12ms)
			SetLoadedEditorAssemblies (3ms)
			BeforeProcessingInitializeOnLoad (68ms)
			ProcessInitializeOnLoadAttributes (233ms)
			ProcessInitializeOnLoadMethodAttributes (20ms)
			AfterProcessingInitializeOnLoad (5ms)
			EditorAssembliesLoaded (0ms)
		ExecutionOrderSort2 (0ms)
		AwakeInstancesAfterBackupRestoration (10ms)
Refreshing native plugins compatible for Editor in 7.96 ms, found 4 plugins.
Preloading 0 native plugins for Editor in 0.00 ms.
Unloading 1 Unused Serialized files (Serialized files now loaded: 0)
Unloading 4859 unused Assets / (0.8 MB). Loaded Objects now: 5360.
Memory consumption went from 98.1 MB to 97.3 MB.
Total: 6.689900 ms (FindLiveObjects: 0.415300 ms CreateObjectMapping: 0.331700 ms MarkObjects: 4.980800 ms  DeleteObjects: 0.960200 ms)

Prepare: number of updated asset objects reloaded= 0
========================================================================
Received Prepare
Assembly reference Packages/com.unity.cinemachine/Editor/Samples/ExposeHDRPInternals/HDRP-Editor-ref.asmref has no target assembly definition
Assembly reference Packages/com.unity.cinemachine/Editor/Samples/ExposeHDRPInternals/HDRP-Editor-ref.asmref has no target assembly definition
Begin MonoManager ReloadAssembly
Symbol file LoadedFromMemory is not a mono symbol file
Symbol file LoadedFromMemory is not a mono symbol file
Symbol file LoadedFromMemory is not a mono symbol file
- Loaded All Assemblies, in  0.564 seconds
Assembly reference Packages/com.unity.cinemachine/Editor/Samples/ExposeHDRPInternals/HDRP-Editor-ref.asmref has no target assembly definition
'Packages/com.unity.cinemachine/Editor/Obsolete/CinemachineVirtualCameraBaseEditor.cs' contains partial class of Unity.Object, exactly 1 of the partial classes needs to be in a file with the same filename. This is to know the one that can be referenced from ie. GameObjects
'Packages/com.unity.cinemachine/Editor/Editors/CinemachineVirtualCameraBaseEditor.cs' contains partial class of Unity.Object, exactly 1 of the partial classes needs to be in a file with the same filename. This is to know the one that can be referenced from ie. GameObjects
Refreshing native plugins compatible for Editor in 3.22 ms, found 4 plugins.
Native extension for iOS target not found
Native extension for Android target not found
Native extension for WindowsStandalone target not found
Assembly reference Packages/com.unity.cinemachine/Editor/Samples/ExposeHDRPInternals/HDRP-Editor-ref.asmref has no target assembly definition
[Package Manager] Failed to launch server process. Reason: Unity was launched with the -noUpm command-line argument
[Package Manager] Unable to send message (not connected to server process).
[Package Manager] Cannot connect to Unity Package Manager local server
Mono: successfully reloaded assembly
- Finished resetting the current domain, in  0.473 seconds
Domain Reload Profiling: 1036ms
	BeginReloadAssembly (157ms)
		ExecutionOrderSort (0ms)
		DisableScriptedObjects (4ms)
		BackupInstance (0ms)
		ReleaseScriptingObjects (0ms)
		CreateAndSetChildDomain (34ms)
	RebuildCommonClasses (28ms)
	RebuildNativeTypeToScriptingClass (9ms)
	initialDomainReloadingComplete (25ms)
	LoadAllAssembliesAndSetupDomain (344ms)
		LoadAssemblies (296ms)
		RebuildTransferFunctionScriptingTraits (0ms)
		AnalyzeDomain (129ms)
			TypeCache.Refresh (6ms)
				TypeCache.ScanAssembly (0ms)
			BuildScriptInfoCaches (113ms)
			ResolveRequiredComponents (6ms)
	FinalizeReload (473ms)
		ReleaseScriptCaches (0ms)
		RebuildScriptCaches (0ms)
		SetupLoadedEditorAssemblies (373ms)
			LogAssemblyErrors (0ms)
			InitializePlatformSupportModulesInManaged (16ms)
			SetLoadedEditorAssemblies (3ms)
			BeforeProcessingInitializeOnLoad (73ms)
			ProcessInitializeOnLoadAttributes (260ms)
			ProcessInitializeOnLoadMethodAttributes (17ms)
			AfterProcessingInitializeOnLoad (4ms)
			EditorAssembliesLoaded (0ms)
		ExecutionOrderSort2 (0ms)
		AwakeInstancesAfterBackupRestoration (7ms)
Refreshing native plugins compatible for Editor in 8.05 ms, found 4 plugins.
Preloading 0 native plugins for Editor in 0.00 ms.
Unloading 1 Unused Serialized files (Serialized files now loaded: 0)
Unloading 4859 unused Assets / (1.4 MB). Loaded Objects now: 5360.
Memory consumption went from 98.1 MB to 96.6 MB.
Total: 27.295500 ms (FindLiveObjects: 0.460200 ms CreateObjectMapping: 0.547600 ms MarkObjects: 16.589500 ms  DeleteObjects: 9.695600 ms)

Prepare: number of updated asset objects reloaded= 0
========================================================================
Received Import Request.
  Time since last request: 326.584882 seconds.
  path: Assets/Scenes/Main.unity
  artifactKey: Guid(110a88c7a7317de4d9f8331424974660) Importer(815301076,1909f56bfc062723c751e8b465ee728b)
Start importing Assets/Scenes/Main.unity using Guid(110a88c7a7317de4d9f8331424974660) Importer(815301076,1909f56bfc062723c751e8b465ee728b) (PreviewImporter) -> (artifact id: 'feb80cdbb75583946bdf030fa4f6ef9d') in 0.0033961 seconds
Number of updated asset objects reloaded before import = 0Number of asset objects unloaded after import = 0

========================================================================
Received Import Request.
  Time since last request: 43.437968 seconds.
  path: Assets/Figma/ImageFills/f5dd8a1e185d7d0f8df9e51543ace3a25d73c5dc.png
  artifactKey: Guid(dc9975611e4dde24c815bb4bbcbf0baa) Importer(815301076,1909f56bfc062723c751e8b465ee728b)
Start importing Assets/Figma/ImageFills/f5dd8a1e185d7d0f8df9e51543ace3a25d73c5dc.png using Guid(dc9975611e4dde24c815bb4bbcbf0baa) Importer(815301076,1909f56bfc062723c751e8b465ee728b) (PreviewImporter) -> (artifact id: '728aadd429e94c0287bef8c6b30a56fc') in 0.0866381 seconds
Number of updated asset objects reloaded before import = 0Number of asset objects unloaded after import = 3

========================================================================
Received Import Request.
  Time since last request: 59.064777 seconds.
  path: Assets/Figma/Fonts/Inter_700_SDF.asset
  artifactKey: Guid(4334ee38bc98dd640950aa56e164bf57) Importer(815301076,1909f56bfc062723c751e8b465ee728b)
Start importing Assets/Figma/Fonts/Inter_700_SDF.asset using Guid(4334ee38bc98dd640950aa56e164bf57) Importer(815301076,1909f56bfc062723c751e8b465ee728b) (PreviewImporter) -> (artifact id: 'b70289b65ae11c5c48297ce6b2a9c38f') in 0.0570006 seconds
Number of updated asset objects reloaded before import = 0Number of asset objects unloaded after import = 6

========================================================================
Received Import Request.
  Time since last request: 5.320431 seconds.
  path: Assets/Figma/ImageFills/f4ea7fd3ad4cd9b5371900777a227cbc59ec5510.png
  artifactKey: Guid(ca4940285366d0448991b4a94c5edd91) Importer(815301076,1909f56bfc062723c751e8b465ee728b)
Start importing Assets/Figma/ImageFills/f4ea7fd3ad4cd9b5371900777a227cbc59ec5510.png using Guid(ca4940285366d0448991b4a94c5edd91) Importer(815301076,1909f56bfc062723c751e8b465ee728b) (PreviewImporter) -> (artifact id: 'aea447e18655c84738493267a36af824') in 0.0703417 seconds
Number of updated asset objects reloaded before import = 0Number of asset objects unloaded after import = 3

========================================================================
Received Import Request.
  Time since last request: 4.788790 seconds.
  path: Assets/Figma/ImageFills/82bc37ee9d86305bb62ca7b1283fe1d52379bddf.png
  artifactKey: Guid(ecd2059ce84faf74bbcf7c1a5b07bc98) Importer(815301076,1909f56bfc062723c751e8b465ee728b)
Start importing Assets/Figma/ImageFills/82bc37ee9d86305bb62ca7b1283fe1d52379bddf.png using Guid(ecd2059ce84faf74bbcf7c1a5b07bc98) Importer(815301076,1909f56bfc062723c751e8b465ee728b) (PreviewImporter) -> (artifact id: '0ea0ea25b7a3468f86b6f7a90b8aeb81') in 0.073402 seconds
Number of updated asset objects reloaded before import = 0Number of asset objects unloaded after import = 3

========================================================================
Received Import Request.
  Time since last request: 123.514566 seconds.
  path: Assets/Figma/Pages
  artifactKey: Guid(e62fb109622a32d4f80a87ec907c8597) Importer(815301076,1909f56bfc062723c751e8b465ee728b)
Start importing Assets/Figma/Pages using Guid(e62fb109622a32d4f80a87ec907c8597) Importer(815301076,1909f56bfc062723c751e8b465ee728b) (PreviewImporter) -> (artifact id: 'fd8fb7cf22f12e91ccd045b44608f703') in 0.0008239 seconds
Number of updated asset objects reloaded before import = 0Number of asset objects unloaded after import = 0

========================================================================
Received Import Request.
  Time since last request: 12.747066 seconds.
  path: Assets/Figma/ImageFills/d4bff72d10c16a4b473da2694748fb2e29f7ddc9.png
  artifactKey: Guid(25572e04b0d876a4bbd6f6c3f1e197a4) Importer(815301076,1909f56bfc062723c751e8b465ee728b)
Start importing Assets/Figma/ImageFills/d4bff72d10c16a4b473da2694748fb2e29f7ddc9.png using Guid(25572e04b0d876a4bbd6f6c3f1e197a4) Importer(815301076,1909f56bfc062723c751e8b465ee728b) (PreviewImporter) -> (artifact id: '3f84e0786983372126234632c0ae70a3') in 0.1990364 seconds
Number of updated asset objects reloaded before import = 0Number of asset objects unloaded after import = 3

========================================================================
Received Prepare
Assembly reference Packages/com.unity.cinemachine/Editor/Samples/ExposeHDRPInternals/HDRP-Editor-ref.asmref has no target assembly definition
Assembly reference Packages/com.unity.cinemachine/Editor/Samples/ExposeHDRPInternals/HDRP-Editor-ref.asmref has no target assembly definition
Begin MonoManager ReloadAssembly
Symbol file LoadedFromMemory is not a mono symbol file
Symbol file LoadedFromMemory is not a mono symbol file
Symbol file LoadedFromMemory is not a mono symbol file
- Loaded All Assemblies, in  0.692 seconds
Assembly reference Packages/com.unity.cinemachine/Editor/Samples/ExposeHDRPInternals/HDRP-Editor-ref.asmref has no target assembly definition
'Packages/com.unity.cinemachine/Editor/Obsolete/CinemachineVirtualCameraBaseEditor.cs' contains partial class of Unity.Object, exactly 1 of the partial classes needs to be in a file with the same filename. This is to know the one that can be referenced from ie. GameObjects
'Packages/com.unity.cinemachine/Editor/Editors/CinemachineVirtualCameraBaseEditor.cs' contains partial class of Unity.Object, exactly 1 of the partial classes needs to be in a file with the same filename. This is to know the one that can be referenced from ie. GameObjects
Refreshing native plugins compatible for Editor in 3.25 ms, found 4 plugins.
Native extension for iOS target not found
Native extension for Android target not found
Native extension for WindowsStandalone target not found
Assembly reference Packages/com.unity.cinemachine/Editor/Samples/ExposeHDRPInternals/HDRP-Editor-ref.asmref has no target assembly definition
[Package Manager] Failed to launch server process. Reason: Unity was launched with the -noUpm command-line argument
[Package Manager] Unable to send message (not connected to server process).
[Package Manager] Cannot connect to Unity Package Manager local server
Mono: successfully reloaded assembly
- Finished resetting the current domain, in  0.422 seconds
Domain Reload Profiling: 1113ms
	BeginReloadAssembly (286ms)
		ExecutionOrderSort (0ms)
		DisableScriptedObjects (4ms)
		BackupInstance (0ms)
		ReleaseScriptingObjects (0ms)
		CreateAndSetChildDomain (62ms)
	RebuildCommonClasses (32ms)
	RebuildNativeTypeToScriptingClass (9ms)
	initialDomainReloadingComplete (23ms)
	LoadAllAssembliesAndSetupDomain (341ms)
		LoadAssemblies (388ms)
		RebuildTransferFunctionScriptingTraits (0ms)
		AnalyzeDomain (133ms)
			TypeCache.Refresh (6ms)
				TypeCache.ScanAssembly (0ms)
			BuildScriptInfoCaches (117ms)
			ResolveRequiredComponents (7ms)
	FinalizeReload (422ms)
		ReleaseScriptCaches (0ms)
		RebuildScriptCaches (0ms)
		SetupLoadedEditorAssemblies (331ms)
			LogAssemblyErrors (0ms)
			InitializePlatformSupportModulesInManaged (14ms)
			SetLoadedEditorAssemblies (3ms)
			BeforeProcessingInitializeOnLoad (64ms)
			ProcessInitializeOnLoadAttributes (229ms)
			ProcessInitializeOnLoadMethodAttributes (17ms)
			AfterProcessingInitializeOnLoad (4ms)
			EditorAssembliesLoaded (0ms)
		ExecutionOrderSort2 (0ms)
		AwakeInstancesAfterBackupRestoration (5ms)
Refreshing native plugins compatible for Editor in 7.69 ms, found 4 plugins.
Preloading 0 native plugins for Editor in 0.00 ms.
Unloading 1 Unused Serialized files (Serialized files now loaded: 0)
Unloading 4859 unused Assets / (1.6 MB). Loaded Objects now: 5401.
Memory consumption went from 98.4 MB to 96.9 MB.
Total: 7.870300 ms (FindLiveObjects: 0.492500 ms CreateObjectMapping: 0.509400 ms MarkObjects: 5.217500 ms  DeleteObjects: 1.649200 ms)

Prepare: number of updated asset objects reloaded= 0
========================================================================
Received Prepare
Assembly reference Packages/com.unity.cinemachine/Editor/Samples/ExposeHDRPInternals/HDRP-Editor-ref.asmref has no target assembly definition
Assembly reference Packages/com.unity.cinemachine/Editor/Samples/ExposeHDRPInternals/HDRP-Editor-ref.asmref has no target assembly definition
Begin MonoManager ReloadAssembly
Symbol file LoadedFromMemory is not a mono symbol file
Symbol file LoadedFromMemory is not a mono symbol file
Symbol file LoadedFromMemory is not a mono symbol file
- Loaded All Assemblies, in  0.543 seconds
Assembly reference Packages/com.unity.cinemachine/Editor/Samples/ExposeHDRPInternals/HDRP-Editor-ref.asmref has no target assembly definition
'Packages/com.unity.cinemachine/Editor/Obsolete/CinemachineVirtualCameraBaseEditor.cs' contains partial class of Unity.Object, exactly 1 of the partial classes needs to be in a file with the same filename. This is to know the one that can be referenced from ie. GameObjects
'Packages/com.unity.cinemachine/Editor/Editors/CinemachineVirtualCameraBaseEditor.cs' contains partial class of Unity.Object, exactly 1 of the partial classes needs to be in a file with the same filename. This is to know the one that can be referenced from ie. GameObjects
Refreshing native plugins compatible for Editor in 4.04 ms, found 4 plugins.
Native extension for iOS target not found
Native extension for Android target not found
Native extension for WindowsStandalone target not found
Assembly reference Packages/com.unity.cinemachine/Editor/Samples/ExposeHDRPInternals/HDRP-Editor-ref.asmref has no target assembly definition
[Package Manager] Failed to launch server process. Reason: Unity was launched with the -noUpm command-line argument
[Package Manager] Unable to send message (not connected to server process).
[Package Manager] Cannot connect to Unity Package Manager local server
Mono: successfully reloaded assembly
- Finished resetting the current domain, in  0.432 seconds
Domain Reload Profiling: 974ms
	BeginReloadAssembly (147ms)
		ExecutionOrderSort (0ms)
		DisableScriptedObjects (3ms)
		BackupInstance (0ms)
		ReleaseScriptingObjects (0ms)
		CreateAndSetChildDomain (32ms)
	RebuildCommonClasses (27ms)
	RebuildNativeTypeToScriptingClass (9ms)
	initialDomainReloadingComplete (23ms)
	LoadAllAssembliesAndSetupDomain (337ms)
		LoadAssemblies (286ms)
		RebuildTransferFunctionScriptingTraits (0ms)
		AnalyzeDomain (128ms)
			TypeCache.Refresh (6ms)
				TypeCache.ScanAssembly (0ms)
			BuildScriptInfoCaches (113ms)
			ResolveRequiredComponents (5ms)
	FinalizeReload (432ms)
		ReleaseScriptCaches (0ms)
		RebuildScriptCaches (0ms)
		SetupLoadedEditorAssemblies (340ms)
			LogAssemblyErrors (0ms)
			InitializePlatformSupportModulesInManaged (13ms)
			SetLoadedEditorAssemblies (2ms)
			BeforeProcessingInitializeOnLoad (63ms)
			ProcessInitializeOnLoadAttributes (240ms)
			ProcessInitializeOnLoadMethodAttributes (17ms)
			AfterProcessingInitializeOnLoad (4ms)
			EditorAssembliesLoaded (0ms)
		ExecutionOrderSort2 (0ms)
		AwakeInstancesAfterBackupRestoration (4ms)
Refreshing native plugins compatible for Editor in 21.48 ms, found 4 plugins.
Preloading 0 native plugins for Editor in 0.00 ms.
Unloading 1 Unused Serialized files (Serialized files now loaded: 0)
Unloading 4859 unused Assets / (1.3 MB). Loaded Objects now: 5401.
Memory consumption went from 98.4 MB to 97.1 MB.
Total: 8.251300 ms (FindLiveObjects: 0.385300 ms CreateObjectMapping: 0.277200 ms MarkObjects: 6.717500 ms  DeleteObjects: 0.870400 ms)

Prepare: number of updated asset objects reloaded= 0
========================================================================
Received Import Request.
  Time since last request: 355.671060 seconds.
  path: Assets/Scenes/Main.unity
  artifactKey: Guid(110a88c7a7317de4d9f8331424974660) Importer(815301076,1909f56bfc062723c751e8b465ee728b)
Start importing Assets/Scenes/Main.unity using Guid(110a88c7a7317de4d9f8331424974660) Importer(815301076,1909f56bfc062723c751e8b465ee728b) (PreviewImporter) -> (artifact id: 'a52d9b4c2f293aa77739565632cb559e') in 0.004572 seconds
Number of updated asset objects reloaded before import = 0Number of asset objects unloaded after import = 0

========================================================================
Received Import Request.
  Time since last request: 71.818292 seconds.
  path: Assets/Mapbox/Examples/Resources/3DPoiMarker.prefab
  artifactKey: Guid(44828d4325e8b544ca6ffec352cfe165) Importer(815301076,1909f56bfc062723c751e8b465ee728b)
Start importing Assets/Mapbox/Examples/Resources/3DPoiMarker.prefab using Guid(44828d4325e8b544ca6ffec352cfe165) Importer(815301076,1909f56bfc062723c751e8b465ee728b) (PreviewImporter) -> (artifact id: 'b23f416680816f908a01a77a8ffffef0') in 0.0805221 seconds
Number of updated asset objects reloaded before import = 0Number of asset objects unloaded after import = 11

========================================================================
Received Import Request.
  Time since last request: 91.317014 seconds.
  path: Assets/Mapbox/Prefabs/Attribution.prefab
  artifactKey: Guid(3adcee2515f8c49f4a7afb3bacf2c56e) Importer(815301076,1909f56bfc062723c751e8b465ee728b)
Start importing Assets/Mapbox/Prefabs/Attribution.prefab using Guid(3adcee2515f8c49f4a7afb3bacf2c56e) Importer(815301076,1909f56bfc062723c751e8b465ee728b) (PreviewImporter) -> (artifact id: 'd0d8b99661d8f57ef379ca7bedc49a98') in 0.0172542 seconds
Number of updated asset objects reloaded before import = 0Number of asset objects unloaded after import = 153

========================================================================
Received Import Request.
  Time since last request: 0.000027 seconds.
  path: Assets/Mapbox/Prefabs/Map.prefab
  artifactKey: Guid(e6b749c6d877f4c19a5a5c3c0783d53b) Importer(815301076,1909f56bfc062723c751e8b465ee728b)
Start importing Assets/Mapbox/Prefabs/Map.prefab using Guid(e6b749c6d877f4c19a5a5c3c0783d53b) Importer(815301076,1909f56bfc062723c751e8b465ee728b) (PreviewImporter) -> (artifact id: '1cecc960b847060b5fdf071c1d46c6f7') in 0.0115427 seconds
Number of updated asset objects reloaded before import = 0Number of asset objects unloaded after import = 7

========================================================================
Received Import Request.
  Time since last request: 0.000013 seconds.
  path: Assets/Mapbox/Prefabs/MapboxHollowUprightPin.prefab
  artifactKey: Guid(b4a30d5a43b34254f863c4769e72e7ab) Importer(815301076,1909f56bfc062723c751e8b465ee728b)
Start importing Assets/Mapbox/Prefabs/MapboxHollowUprightPin.prefab using Guid(b4a30d5a43b34254f863c4769e72e7ab) Importer(815301076,1909f56bfc062723c751e8b465ee728b) (PreviewImporter) -> (artifact id: 'fcb7e21f6e9da6952814c94810e34064') in 0.0161057 seconds
Number of updated asset objects reloaded before import = 0Number of asset objects unloaded after import = 20

========================================================================
Received Import Request.
  Time since last request: 0.000014 seconds.
  path: Assets/Mapbox/Prefabs/Player.prefab
  artifactKey: Guid(18593aeac18474b49bebac9e072ef2ab) Importer(815301076,1909f56bfc062723c751e8b465ee728b)
Start importing Assets/Mapbox/Prefabs/Player.prefab using Guid(18593aeac18474b49bebac9e072ef2ab) Importer(815301076,1909f56bfc062723c751e8b465ee728b) (PreviewImporter) -> (artifact id: '6c61b2b753b02945cc49efbca487ea57') in 0.0094156 seconds
Number of updated asset objects reloaded before import = 0Number of asset objects unloaded after import = 17

========================================================================
Received Import Request.
  Time since last request: 0.000021 seconds.
  path: Assets/Mapbox/Prefabs/IconicBuildingMap.prefab
  artifactKey: Guid(4cd0111f17b6043cf817880e3fd57cd1) Importer(815301076,1909f56bfc062723c751e8b465ee728b)
Start importing Assets/Mapbox/Prefabs/IconicBuildingMap.prefab using Guid(4cd0111f17b6043cf817880e3fd57cd1) Importer(815301076,1909f56bfc062723c751e8b465ee728b) (PreviewImporter) -> (artifact id: 'd5c8dc38716f91443a696180ef5a48ab') in 0.0211622 seconds
Number of updated asset objects reloaded before import = 0Number of asset objects unloaded after import = 57

========================================================================
Received Import Request.
  Time since last request: 0.000017 seconds.
  path: Assets/Mapbox/Prefabs/LocationProviderFactory.prefab
  artifactKey: Guid(fa49ad38da3e540fca722d2ca9e1d026) Importer(815301076,1909f56bfc062723c751e8b465ee728b)
Start importing Assets/Mapbox/Prefabs/LocationProviderFactory.prefab using Guid(fa49ad38da3e540fca722d2ca9e1d026) Importer(815301076,1909f56bfc062723c751e8b465ee728b) (PreviewImporter) -> (artifact id: '81ac6b152b66b18fa2b05daf20a5a2ea') in 0.0040233 seconds
Number of updated asset objects reloaded before import = 0Number of asset objects unloaded after import = 39

========================================================================
Received Import Request.
  Time since last request: 0.000025 seconds.
  path: Assets/Mapbox/Prefabs/LocationBasedGame.prefab
  artifactKey: Guid(35ce2bb4caba9434db5e656796b632b1) Importer(815301076,1909f56bfc062723c751e8b465ee728b)
Start importing Assets/Mapbox/Prefabs/LocationBasedGame.prefab using Guid(35ce2bb4caba9434db5e656796b632b1) Importer(815301076,1909f56bfc062723c751e8b465ee728b) (PreviewImporter) -> (artifact id: '15b3c2d303621991c16bcd26e0f60154') in 0.0108567 seconds
Number of updated asset objects reloaded before import = 0Number of asset objects unloaded after import = 61

========================================================================
Received Import Request.
  Time since last request: 15.695421 seconds.
  path: Assets/Mapbox/Examples/Prefabs/CustomMarkerPrefab.prefab
  artifactKey: Guid(9b5b1b761a8994c07affd0a05396633b) Importer(815301076,1909f56bfc062723c751e8b465ee728b)
Start importing Assets/Mapbox/Examples/Prefabs/CustomMarkerPrefab.prefab using Guid(9b5b1b761a8994c07affd0a05396633b) Importer(815301076,1909f56bfc062723c751e8b465ee728b) (PreviewImporter) -> (artifact id: '83bc3c95b5fe97fd4ec9e674a8fd3d6e') in 0.0123481 seconds
Number of updated asset objects reloaded before import = 0Number of asset objects unloaded after import = 18

========================================================================
Received Import Request.
  Time since last request: 0.000016 seconds.
  path: Assets/Mapbox/Examples/Prefabs/LoadingScreenCanvas.prefab
  artifactKey: Guid(b95c449128f3b44bca8b83258c669aa5) Importer(815301076,1909f56bfc062723c751e8b465ee728b)
Start importing Assets/Mapbox/Examples/Prefabs/LoadingScreenCanvas.prefab using Guid(b95c449128f3b44bca8b83258c669aa5) Importer(815301076,1909f56bfc062723c751e8b465ee728b) (PreviewImporter) -> (artifact id: 'f98f67d2083be688523ff96d0dce976a') in 0.0060871 seconds
Number of updated asset objects reloaded before import = 0Number of asset objects unloaded after import = 16

========================================================================
Received Import Request.
  Time since last request: 0.000017 seconds.
  path: Assets/Mapbox/Examples/Prefabs/ReloadMapIconicBuildingCanvas.prefab
  artifactKey: Guid(aaa51caf037dd4424bab8d45ef3be316) Importer(815301076,1909f56bfc062723c751e8b465ee728b)
Start importing Assets/Mapbox/Examples/Prefabs/ReloadMapIconicBuildingCanvas.prefab using Guid(aaa51caf037dd4424bab8d45ef3be316) Importer(815301076,1909f56bfc062723c751e8b465ee728b) (PreviewImporter) -> (artifact id: 'df47b3d429fa51020ebba62956adb4b1') in 0.0055276 seconds
Number of updated asset objects reloaded before import = 0Number of asset objects unloaded after import = 83

========================================================================
Received Import Request.
  Time since last request: 0.000014 seconds.
  path: Assets/Mapbox/Examples/Prefabs/ReloadMapCanvas.prefab
  artifactKey: Guid(00f5bf1ff996842fc82384f8f686fda6) Importer(815301076,1909f56bfc062723c751e8b465ee728b)
Start importing Assets/Mapbox/Examples/Prefabs/ReloadMapCanvas.prefab using Guid(00f5bf1ff996842fc82384f8f686fda6) Importer(815301076,1909f56bfc062723c751e8b465ee728b) (PreviewImporter) -> (artifact id: 'd9ec0b598372e67a6af30dcde8543eeb') in 0.0078153 seconds
Number of updated asset objects reloaded before import = 0Number of asset objects unloaded after import = 62

Editor requested this worker to shutdown with reason: Scaling down because of idle timeout
AssetImportWorker is now disconnected from the server
Process exiting
Exiting without the bug reporter. Application will terminate with return code 0